poligono_id,fecha,tmin_p10,tmin_p50,tmin_p90,tmax_p10,tmax_p50,tmax_p90,precipitation_mm,weather_code,offset_calor_c,offset_frio_c,offset_origen,generated_at
23_de_septiembre,2026-10-01,13.71,16.19,17.38,24.69,25.97,28.06,0.0,3.0,1.97,0.39,uhi_verano+invierno,2026-10-01T10:46:55
23_de_septiembre,2026-10-02,9.4,13.14,14.28,25.18,26.47,27.95,0.0,0.0,1.97,0.39,uhi_verano+invierno,2026-10-01T10:46:55
23_de_septiembre,2026-10-03,13.31,14.99,16.29,29.48,31.52,33.17,19.8,63.0,1.97,0.39,uhi_verano+invierno,2026-10-01T10:46:55
23_de_septiembre,2026-10-04,15.2,16.69,18.86,23.8,26.37,27.67,19.1,63.0,1.97,0.39,uhi_verano+invierno,2026-10-01T10:46:55
23_de_septiembre,2026-10-05,14.79,17.09,19.28,21.58,25.37,28.75,1.55,3.0,1.97,0.39,uhi_verano+invierno,2026-10-01T10:46:55
23_de_septiembre,2026-10-06,13.5,17.39,21.65,21.69,25.77,29.27,0.0,3.0,1.97,0.39,uhi_verano+invierno,2026-10-01T10:46:55
23_de_septiembre,2026-10-07,13.9,18.49,23.77,23.88,27.37,31.46,0.5,51.0,1.97,0.39,uhi_verano+invierno,2026-10-01T10:46:55
23_de_septiembre,2026-10-08,15.19,18.44,20.69,25.19,28.72,31.96,2.65,,1.97,0.39,uhi_verano+invierno,2026-10-01T10:46:55
23_de_septiembre,2026-10-09,16.99,19.09,20.89,22.87,24.22,28.93,27.0,,1.97,0.39,uhi_verano+invierno,2026-10-01T10:46:55
23_de_septiembre,2026-10-10,16.01,17.89,20.35,22.68,26.32,29.74,2.9,,1.97,0.39,uhi_verano+invierno,2026-10-01T10:46:55
23_de_septiembre,2026-10-11,13.99,16.94,18.78,22.21,25.62,29.17,0.2,,1.97,0.39,uhi_verano+invierno,2026-10-01T10:46:55
23_de_septiembre,2026-10-12,12.81,16.14,19.92,22.4,25.67,30.26,0.6,,1.97,0.39,uhi_verano+invierno,2026-10-01T10:46:55
23_de_septiembre,2026-10-13,13.69,17.39,19.87,21.4,24.27,30.45,3.0,,1.97,0.39,uhi_verano+invierno,2026-10-01T10:46:55
23_de_septiembre,2026-10-14,13.42,17.44,20.35,21.49,25.57,29.75,1.5,,1.97,0.39,uhi_verano+invierno,2026-10-01T10:46:55
a4_nueva_esperanza,2026-10-01,14.03,16.51,17.7,25.15,26.43,28.52,0.0,3.0,2.43,0.71,uhi_verano+invierno,2026-10-01T10:46:55
a4_nueva_esperanza,2026-10-02,9.72,13.46,14.6,25.64,26.93,28.41,0.0,0.0,2.43,0.71,uhi_verano+invierno,2026-10-01T10:46:55
a4_nueva_esperanza,2026-10-03,13.63,15.31,16.61,29.94,31.98,33.63,19.8,63.0,2.43,0.71,uhi_verano+invierno,2026-10-01T10:46:55
a4_nueva_esperanza,2026-10-04,15.52,17.01,19.18,24.26,26.83,28.13,19.1,63.0,2.43,0.71,uhi_verano+invierno,2026-10-01T10:46:55
a4_nueva_esperanza,2026-10-05,15.11,17.41,19.6,22.04,25.83,29.21,1.55,3.0,2.43,0.71,uhi_verano+invierno,2026-10-01T10:46:55
a4_nueva_esperanza,2026-10-06,13.82,17.71,21.97,22.15,26.23,29.73,0.0,3.0,2.43,0.71,uhi_verano+invierno,2026-10-01T10:46:55
a4_nueva_esperanza,2026-10-07,14.22,18.81,24.09,24.34,27.83,31.92,0.5,51.0,2.43,0.71,uhi_verano+invierno,2026-10-01T10:46:55
a4_nueva_esperanza,2026-10-08,15.51,18.76,21.01,25.65,29.18,32.42,2.65,,2.43,0.71,uhi_verano+invierno,2026-10-01T10:46:55
a4_nueva_esperanza,2026-10-09,17.31,19.41,21.21,23.33,24.68,29.39,27.0,,2.43,0.71,uhi_verano+invierno,2026-10-01T10:46:55
a4_nueva_esperanza,2026-10-10,16.33,18.21,20.67,23.14,26.78,30.2,2.9,,2.43,0.71,uhi_verano+invierno,2026-10-01T10:46:55
a4_nueva_esperanza,2026-10-11,14.31,17.26,19.1,22.67,26.08,29.63,0.2,,2.43,0.71,uhi_verano+invierno,2026-10-01T10:46:55
a4_nueva_esperanza,2026-10-12,13.13,16.46,20.24,22.86,26.13,30.72,0.6,,2.43,0.71,uhi_verano+invierno,2026-10-01T10:46:55
a4_nueva_esperanza,2026-10-13,14.01,17.71,20.19,21.86,24.73,30.91,3.0,,2.43,0.71,uhi_verano+invierno,2026-10-01T10:46:55
a4_nueva_esperanza,2026-10-14,13.74,17.76,20.67,21.95,26.03,30.21,1.5,,2.43,0.71,uhi_verano+invierno,2026-10-01T10:46:55
a_3_2_sector_b,2026-10-01,13.74,16.22,17.41,24.33,25.61,27.7,0.0,3.0,1.61,0.42,uhi_verano+invierno,2026-10-01T10:46:55
a_3_2_sector_b,2026-10-02,9.43,13.17,14.31,24.82,26.11,27.59,0.0,0.0,1.61,0.42,uhi_verano+invierno,2026-10-01T10:46:55
a_3_2_sector_b,2026-10-03,13.34,15.02,16.32,29.12,31.16,32.81,19.8,63.0,1.61,0.42,uhi_verano+invierno,2026-10-01T10:46:55
a_3_2_sector_b,2026-10-04,15.23,16.72,18.89,23.44,26.01,27.31,19.1,63.0,1.61,0.42,uhi_verano+invierno,2026-10-01T10:46:55
a_3_2_sector_b,2026-10-05,14.82,17.12,19.31,21.22,25.01,28.39,1.55,3.0,1.61,0.42,uhi_verano+invierno,2026-10-01T10:46:55
a_3_2_sector_b,2026-10-06,13.53,17.42,21.68,21.33,25.41,28.91,0.0,3.0,1.61,0.42,uhi_verano+invierno,2026-10-01T10:46:55
a_3_2_sector_b,2026-10-07,13.93,18.52,23.8,23.52,27.01,31.1,0.5,51.0,1.61,0.42,uhi_verano+invierno,2026-10-01T10:46:55
a_3_2_sector_b,2026-10-08,15.22,18.47,20.72,24.83,28.36,31.6,2.65,,1.61,0.42,uhi_verano+invierno,2026-10-01T10:46:55
a_3_2_sector_b,2026-10-09,17.02,19.12,20.92,22.51,23.86,28.57,27.0,,1.61,0.42,uhi_verano+invierno,2026-10-01T10:46:55
a_3_2_sector_b,2026-10-10,16.04,17.92,20.38,22.32,25.96,29.38,2.9,,1.61,0.42,uhi_verano+invierno,2026-10-01T10:46:55
a_3_2_sector_b,2026-10-11,14.02,16.97,18.81,21.85,25.26,28.81,0.2,,1.61,0.42,uhi_verano+invierno,2026-10-01T10:46:55
a_3_2_sector_b,2026-10-12,12.84,16.17,19.95,22.04,25.31,29.9,0.6,,1.61,0.42,uhi_verano+invierno,2026-10-01T10:46:55
a_3_2_sector_b,2026-10-13,13.72,17.42,19.9,21.04,23.91,30.09,3.0,,1.61,0.42,uhi_verano+invierno,2026-10-01T10:46:55
a_3_2_sector_b,2026-10-14,13.45,17.47,20.38,21.13,25.21,29.39,1.5,,1.61,0.42,uhi_verano+invierno,2026-10-01T10:46:55
aguas_corrientes,2026-10-01,13.61,16.09,17.28,24.28,25.56,27.65,0.0,3.0,1.56,0.29,uhi_verano+invierno,2026-10-01T10:46:55
aguas_corrientes,2026-10-02,9.3,13.04,14.18,24.77,26.06,27.54,0.0,0.0,1.56,0.29,uhi_verano+invierno,2026-10-01T10:46:55
aguas_corrientes,2026-10-03,13.21,14.89,16.19,29.07,31.11,32.76,19.8,63.0,1.56,0.29,uhi_verano+invierno,2026-10-01T10:46:55
aguas_corrientes,2026-10-04,15.1,16.59,18.76,23.39,25.96,27.26,19.1,63.0,1.56,0.29,uhi_verano+invierno,2026-10-01T10:46:55
aguas_corrientes,2026-10-05,14.69,16.99,19.18,21.17,24.96,28.34,1.55,3.0,1.56,0.29,uhi_verano+invierno,2026-10-01T10:46:55
aguas_corrientes,2026-10-06,13.4,17.29,21.55,21.28,25.36,28.86,0.0,3.0,1.56,0.29,uhi_verano+invierno,2026-10-01T10:46:55
aguas_corrientes,2026-10-07,13.8,18.39,23.67,23.47,26.96,31.05,0.5,51.0,1.56,0.29,uhi_verano+invierno,2026-10-01T10:46:55
aguas_corrientes,2026-10-08,15.09,18.34,20.59,24.78,28.31,31.55,2.65,,1.56,0.29,uhi_verano+invierno,2026-10-01T10:46:55
aguas_corrientes,2026-10-09,16.89,18.99,20.79,22.46,23.81,28.52,27.0,,1.56,0.29,uhi_verano+invierno,2026-10-01T10:46:55
aguas_corrientes,2026-10-10,15.91,17.79,20.25,22.27,25.91,29.33,2.9,,1.56,0.29,uhi_verano+invierno,2026-10-01T10:46:55
aguas_corrientes,2026-10-11,13.89,16.84,18.68,21.8,25.21,28.76,0.2,,1.56,0.29,uhi_verano+invierno,2026-10-01T10:46:55
aguas_corrientes,2026-10-12,12.71,16.04,19.82,21.99,25.26,29.85,0.6,,1.56,0.29,uhi_verano+invierno,2026-10-01T10:46:55
aguas_corrientes,2026-10-13,13.59,17.29,19.77,20.99,23.86,30.04,3.0,,1.56,0.29,uhi_verano+invierno,2026-10-01T10:46:55
aguas_corrientes,2026-10-14,13.32,17.34,20.25,21.08,25.16,29.34,1.5,,1.56,0.29,uhi_verano+invierno,2026-10-01T10:46:55
alta_gracia,2026-10-01,13.52,16.0,17.19,23.87,25.15,27.24,0.0,3.0,1.15,0.2,uhi_verano+invierno,2026-10-01T10:46:55
alta_gracia,2026-10-02,9.21,12.95,14.09,24.36,25.65,27.13,0.0,0.0,1.15,0.2,uhi_verano+invierno,2026-10-01T10:46:55
alta_gracia,2026-10-03,13.12,14.8,16.1,28.66,30.7,32.35,19.8,63.0,1.15,0.2,uhi_verano+invierno,2026-10-01T10:46:55
alta_gracia,2026-10-04,15.01,16.5,18.67,22.98,25.55,26.85,19.1,63.0,1.15,0.2,uhi_verano+invierno,2026-10-01T10:46:55
alta_gracia,2026-10-05,14.6,16.9,19.09,20.76,24.55,27.93,1.55,3.0,1.15,0.2,uhi_verano+invierno,2026-10-01T10:46:55
alta_gracia,2026-10-06,13.31,17.2,21.46,20.87,24.95,28.45,0.0,3.0,1.15,0.2,uhi_verano+invierno,2026-10-01T10:46:55
alta_gracia,2026-10-07,13.71,18.3,23.58,23.06,26.55,30.64,0.5,51.0,1.15,0.2,uhi_verano+invierno,2026-10-01T10:46:55
alta_gracia,2026-10-08,15.0,18.25,20.5,24.37,27.9,31.14,2.65,,1.15,0.2,uhi_verano+invierno,2026-10-01T10:46:55
alta_gracia,2026-10-09,16.8,18.9,20.7,22.05,23.4,28.11,27.0,,1.15,0.2,uhi_verano+invierno,2026-10-01T10:46:55
alta_gracia,2026-10-10,15.82,17.7,20.16,21.86,25.5,28.92,2.9,,1.15,0.2,uhi_verano+invierno,2026-10-01T10:46:55
alta_gracia,2026-10-11,13.8,16.75,18.59,21.39,24.8,28.35,0.2,,1.15,0.2,uhi_verano+invierno,2026-10-01T10:46:55
alta_gracia,2026-10-12,12.62,15.95,19.73,21.58,24.85,29.44,0.6,,1.15,0.2,uhi_verano+invierno,2026-10-01T10:46:55
alta_gracia,2026-10-13,13.5,17.2,19.68,20.58,23.45,29.63,3.0,,1.15,0.2,uhi_verano+invierno,2026-10-01T10:46:55
alta_gracia,2026-10-14,13.23,17.25,20.16,20.67,24.75,28.93,1.5,,1.15,0.2,uhi_verano+invierno,2026-10-01T10:46:55
bajada_vieja,2026-10-01,13.32,15.8,16.99,22.72,24.0,26.09,0.0,3.0,0.0,0.0,ninguno,2026-10-01T10:46:55
bajada_vieja,2026-10-02,9.01,12.75,13.89,23.21,24.5,25.98,0.0,0.0,0.0,0.0,ninguno,2026-10-01T10:46:55
bajada_vieja,2026-10-03,12.92,14.6,15.9,27.51,29.55,31.2,19.8,63.0,0.0,0.0,ninguno,2026-10-01T10:46:55
bajada_vieja,2026-10-04,14.81,16.3,18.47,21.83,24.4,25.7,19.1,63.0,0.0,0.0,ninguno,2026-10-01T10:46:55
bajada_vieja,2026-10-05,14.4,16.7,18.89,19.61,23.4,26.78,1.55,3.0,0.0,0.0,ninguno,2026-10-01T10:46:55
bajada_vieja,2026-10-06,13.11,17.0,21.26,19.72,23.8,27.3,0.0,3.0,0.0,0.0,ninguno,2026-10-01T10:46:55
bajada_vieja,2026-10-07,13.51,18.1,23.38,21.91,25.4,29.49,0.5,51.0,0.0,0.0,ninguno,2026-10-01T10:46:55
bajada_vieja,2026-10-08,14.8,18.05,20.3,23.22,26.75,29.99,2.65,,0.0,0.0,ninguno,2026-10-01T10:46:55
bajada_vieja,2026-10-09,16.6,18.7,20.5,20.9,22.25,26.96,27.0,,0.0,0.0,ninguno,2026-10-01T10:46:55
bajada_vieja,2026-10-10,15.62,17.5,19.96,20.71,24.35,27.77,2.9,,0.0,0.0,ninguno,2026-10-01T10:46:55
bajada_vieja,2026-10-11,13.6,16.55,18.39,20.24,23.65,27.2,0.2,,0.0,0.0,ninguno,2026-10-01T10:46:55
bajada_vieja,2026-10-12,12.42,15.75,19.53,20.43,23.7,28.29,0.6,,0.0,0.0,ninguno,2026-10-01T10:46:55
bajada_vieja,2026-10-13,13.3,17.0,19.48,19.43,22.3,28.48,3.0,,0.0,0.0,ninguno,2026-10-01T10:46:55
bajada_vieja,2026-10-14,13.03,17.05,19.96,19.52,23.6,27.78,1.5,,0.0,0.0,ninguno,2026-10-01T10:46:55
centro,2026-10-01,13.58,16.06,17.25,24.25,25.53,27.62,0.0,3.0,1.53,0.26,uhi_verano+invierno,2026-10-01T10:46:55
centro,2026-10-02,9.27,13.01,14.15,24.74,26.03,27.51,0.0,0.0,1.53,0.26,uhi_verano+invierno,2026-10-01T10:46:55
centro,2026-10-03,13.18,14.86,16.16,29.04,31.08,32.73,19.8,63.0,1.53,0.26,uhi_verano+invierno,2026-10-01T10:46:55
centro,2026-10-04,15.07,16.56,18.73,23.36,25.93,27.23,19.1,63.0,1.53,0.26,uhi_verano+invierno,2026-10-01T10:46:55
centro,2026-10-05,14.66,16.96,19.15,21.14,24.93,28.31,1.55,3.0,1.53,0.26,uhi_verano+invierno,2026-10-01T10:46:55
centro,2026-10-06,13.37,17.26,21.52,21.25,25.33,28.83,0.0,3.0,1.53,0.26,uhi_verano+invierno,2026-10-01T10:46:55
centro,2026-10-07,13.77,18.36,23.64,23.44,26.93,31.02,0.5,51.0,1.53,0.26,uhi_verano+invierno,2026-10-01T10:46:55
centro,2026-10-08,15.06,18.31,20.56,24.75,28.28,31.52,2.65,,1.53,0.26,uhi_verano+invierno,2026-10-01T10:46:55
centro,2026-10-09,16.86,18.96,20.76,22.43,23.78,28.49,27.0,,1.53,0.26,uhi_verano+invierno,2026-10-01T10:46:55
centro,2026-10-10,15.88,17.76,20.22,22.24,25.88,29.3,2.9,,1.53,0.26,uhi_verano+invierno,2026-10-01T10:46:55
centro,2026-10-11,13.86,16.81,18.65,21.77,25.18,28.73,0.2,,1.53,0.26,uhi_verano+invierno,2026-10-01T10:46:55
centro,2026-10-12,12.68,16.01,19.79,21.96,25.23,29.82,0.6,,1.53,0.26,uhi_verano+invierno,2026-10-01T10:46:55
centro,2026-10-13,13.56,17.26,19.74,20.96,23.83,30.01,3.0,,1.53,0.26,uhi_verano+invierno,2026-10-01T10:46:55
centro,2026-10-14,13.29,17.31,20.22,21.05,25.13,29.31,1.5,,1.53,0.26,uhi_verano+invierno,2026-10-01T10:46:55
chacra_32,2026-10-01,13.8,16.28,17.47,24.69,25.97,28.06,0.0,3.0,1.97,0.48,uhi_verano+invierno,2026-10-01T10:46:55
chacra_32,2026-10-02,9.49,13.23,14.37,25.18,26.47,27.95,0.0,0.0,1.97,0.48,uhi_verano+invierno,2026-10-01T10:46:55
chacra_32,2026-10-03,13.4,15.08,16.38,29.48,31.52,33.17,19.8,63.0,1.97,0.48,uhi_verano+invierno,2026-10-01T10:46:55
chacra_32,2026-10-04,15.29,16.78,18.95,23.8,26.37,27.67,19.1,63.0,1.97,0.48,uhi_verano+invierno,2026-10-01T10:46:55
chacra_32,2026-10-05,14.88,17.18,19.37,21.58,25.37,28.75,1.55,3.0,1.97,0.48,uhi_verano+invierno,2026-10-01T10:46:55
chacra_32,2026-10-06,13.59,17.48,21.74,21.69,25.77,29.27,0.0,3.0,1.97,0.48,uhi_verano+invierno,2026-10-01T10:46:55
chacra_32,2026-10-07,13.99,18.58,23.86,23.88,27.37,31.46,0.5,51.0,1.97,0.48,uhi_verano+invierno,2026-10-01T10:46:55
chacra_32,2026-10-08,15.28,18.53,20.78,25.19,28.72,31.96,2.65,,1.97,0.48,uhi_verano+invierno,2026-10-01T10:46:55
chacra_32,2026-10-09,17.08,19.18,20.98,22.87,24.22,28.93,27.0,,1.97,0.48,uhi_verano+invierno,2026-10-01T10:46:55
chacra_32,2026-10-10,16.1,17.98,20.44,22.68,26.32,29.74,2.9,,1.97,0.48,uhi_verano+invierno,2026-10-01T10:46:55
chacra_32,2026-10-11,14.08,17.03,18.87,22.21,25.62,29.17,0.2,,1.97,0.48,uhi_verano+invierno,2026-10-01T10:46:55
chacra_32,2026-10-12,12.9,16.23,20.01,22.4,25.67,30.26,0.6,,1.97,0.48,uhi_verano+invierno,2026-10-01T10:46:55
chacra_32,2026-10-13,13.78,17.48,19.96,21.4,24.27,30.45,3.0,,1.97,0.48,uhi_verano+invierno,2026-10-01T10:46:55
chacra_32,2026-10-14,13.51,17.53,20.44,21.49,25.57,29.75,1.5,,1.97,0.48,uhi_verano+invierno,2026-10-01T10:46:55
cima_del_sol,2026-10-01,13.42,15.9,17.09,23.27,24.55,26.64,0.0,3.0,0.55,0.1,uhi_verano+invierno,2026-10-01T10:46:55
cima_del_sol,2026-10-02,9.11,12.85,13.99,23.76,25.05,26.53,0.0,0.0,0.55,0.1,uhi_verano+invierno,2026-10-01T10:46:55
cima_del_sol,2026-10-03,13.02,14.7,16.0,28.06,30.1,31.75,19.8,63.0,0.55,0.1,uhi_verano+invierno,2026-10-01T10:46:55
cima_del_sol,2026-10-04,14.91,16.4,18.57,22.38,24.95,26.25,19.1,63.0,0.55,0.1,uhi_verano+invierno,2026-10-01T10:46:55
cima_del_sol,2026-10-05,14.5,16.8,18.99,20.16,23.95,27.33,1.55,3.0,0.55,0.1,uhi_verano+invierno,2026-10-01T10:46:55
cima_del_sol,2026-10-06,13.21,17.1,21.36,20.27,24.35,27.85,0.0,3.0,0.55,0.1,uhi_verano+invierno,2026-10-01T10:46:55
cima_del_sol,2026-10-07,13.61,18.2,23.48,22.46,25.95,30.04,0.5,51.0,0.55,0.1,uhi_verano+invierno,2026-10-01T10:46:55
cima_del_sol,2026-10-08,14.9,18.15,20.4,23.77,27.3,30.54,2.65,,0.55,0.1,uhi_verano+invierno,2026-10-01T10:46:55
cima_del_sol,2026-10-09,16.7,18.8,20.6,21.45,22.8,27.51,27.0,,0.55,0.1,uhi_verano+invierno,2026-10-01T10:46:55
cima_del_sol,2026-10-10,15.72,17.6,20.06,21.26,24.9,28.32,2.9,,0.55,0.1,uhi_verano+invierno,2026-10-01T10:46:55
cima_del_sol,2026-10-11,13.7,16.65,18.49,20.79,24.2,27.75,0.2,,0.55,0.1,uhi_verano+invierno,2026-10-01T10:46:55
cima_del_sol,2026-10-12,12.52,15.85,19.63,20.98,24.25,28.84,0.6,,0.55,0.1,uhi_verano+invierno,2026-10-01T10:46:55
cima_del_sol,2026-10-13,13.4,17.1,19.58,19.98,22.85,29.03,3.0,,0.55,0.1,uhi_verano+invierno,2026-10-01T10:46:55
cima_del_sol,2026-10-14,13.13,17.15,20.06,20.07,24.15,28.33,1.5,,0.55,0.1,uhi_verano+invierno,2026-10-01T10:46:55
cit_riberas_del_parana,2026-10-01,13.6,16.08,17.27,23.66,24.94,27.03,0.0,3.0,0.94,0.28,uhi_verano+invierno,2026-10-01T10:46:55
cit_riberas_del_parana,2026-10-02,9.29,13.03,14.17,24.15,25.44,26.92,0.0,0.0,0.94,0.28,uhi_verano+invierno,2026-10-01T10:46:55
cit_riberas_del_parana,2026-10-03,13.2,14.88,16.18,28.45,30.49,32.14,19.8,63.0,0.94,0.28,uhi_verano+invierno,2026-10-01T10:46:55
cit_riberas_del_parana,2026-10-04,15.09,16.58,18.75,22.77,25.34,26.64,19.1,63.0,0.94,0.28,uhi_verano+invierno,2026-10-01T10:46:55
cit_riberas_del_parana,2026-10-05,14.68,16.98,19.17,20.55,24.34,27.72,1.55,3.0,0.94,0.28,uhi_verano+invierno,2026-10-01T10:46:55
cit_riberas_del_parana,2026-10-06,13.39,17.28,21.54,20.66,24.74,28.24,0.0,3.0,0.94,0.28,uhi_verano+invierno,2026-10-01T10:46:55
cit_riberas_del_parana,2026-10-07,13.79,18.38,23.66,22.85,26.34,30.43,0.5,51.0,0.94,0.28,uhi_verano+invierno,2026-10-01T10:46:55
cit_riberas_del_parana,2026-10-08,15.08,18.33,20.58,24.16,27.69,30.93,2.65,,0.94,0.28,uhi_verano+invierno,2026-10-01T10:46:55
cit_riberas_del_parana,2026-10-09,16.88,18.98,20.78,21.84,23.19,27.9,27.0,,0.94,0.28,uhi_verano+invierno,2026-10-01T10:46:55
cit_riberas_del_parana,2026-10-10,15.9,17.78,20.24,21.65,25.29,28.71,2.9,,0.94,0.28,uhi_verano+invierno,2026-10-01T10:46:55
cit_riberas_del_parana,2026-10-11,13.88,16.83,18.67,21.18,24.59,28.14,0.2,,0.94,0.28,uhi_verano+invierno,2026-10-01T10:46:55
cit_riberas_del_parana,2026-10-12,12.7,16.03,19.81,21.37,24.64,29.23,0.6,,0.94,0.28,uhi_verano+invierno,2026-10-01T10:46:55
cit_riberas_del_parana,2026-10-13,13.58,17.28,19.76,20.37,23.24,29.42,3.0,,0.94,0.28,uhi_verano+invierno,2026-10-01T10:46:55
cit_riberas_del_parana,2026-10-14,13.31,17.33,20.24,20.46,24.54,28.72,1.5,,0.94,0.28,uhi_verano+invierno,2026-10-01T10:46:55
cit_riberas_del_parana_oeste,2026-10-01,13.51,15.99,17.18,23.24,24.52,26.61,0.0,3.0,0.52,0.19,uhi_verano+invierno,2026-10-01T10:46:55
cit_riberas_del_parana_oeste,2026-10-02,9.2,12.94,14.08,23.73,25.02,26.5,0.0,0.0,0.52,0.19,uhi_verano+invierno,2026-10-01T10:46:55
cit_riberas_del_parana_oeste,2026-10-03,13.11,14.79,16.09,28.03,30.07,31.72,19.8,63.0,0.52,0.19,uhi_verano+invierno,2026-10-01T10:46:55
cit_riberas_del_parana_oeste,2026-10-04,15.0,16.49,18.66,22.35,24.92,26.22,19.1,63.0,0.52,0.19,uhi_verano+invierno,2026-10-01T10:46:55
cit_riberas_del_parana_oeste,2026-10-05,14.59,16.89,19.08,20.13,23.92,27.3,1.55,3.0,0.52,0.19,uhi_verano+invierno,2026-10-01T10:46:55
cit_riberas_del_parana_oeste,2026-10-06,13.3,17.19,21.45,20.24,24.32,27.82,0.0,3.0,0.52,0.19,uhi_verano+invierno,2026-10-01T10:46:55
cit_riberas_del_parana_oeste,2026-10-07,13.7,18.29,23.57,22.43,25.92,30.01,0.5,51.0,0.52,0.19,uhi_verano+invierno,2026-10-01T10:46:55
cit_riberas_del_parana_oeste,2026-10-08,14.99,18.24,20.49,23.74,27.27,30.51,2.65,,0.52,0.19,uhi_verano+invierno,2026-10-01T10:46:55
cit_riberas_del_parana_oeste,2026-10-09,16.79,18.89,20.69,21.42,22.77,27.48,27.0,,0.52,0.19,uhi_verano+invierno,2026-10-01T10:46:55
cit_riberas_del_parana_oeste,2026-10-10,15.81,17.69,20.15,21.23,24.87,28.29,2.9,,0.52,0.19,uhi_verano+invierno,2026-10-01T10:46:55
cit_riberas_del_parana_oeste,2026-10-11,13.79,16.74,18.58,20.76,24.17,27.72,0.2,,0.52,0.19,uhi_verano+invierno,2026-10-01T10:46:55
cit_riberas_del_parana_oeste,2026-10-12,12.61,15.94,19.72,20.95,24.22,28.81,0.6,,0.52,0.19,uhi_verano+invierno,2026-10-01T10:46:55
cit_riberas_del_parana_oeste,2026-10-13,13.49,17.19,19.67,19.95,22.82,29.0,3.0,,0.52,0.19,uhi_verano+invierno,2026-10-01T10:46:55
cit_riberas_del_parana_oeste,2026-10-14,13.22,17.24,20.15,20.04,24.12,28.3,1.5,,0.52,0.19,uhi_verano+invierno,2026-10-01T10:46:55
colonia_laosiana,2026-10-01,13.42,15.9,17.09,22.34,23.62,25.71,0.0,3.0,-0.38,0.1,uhi_verano+invierno,2026-10-01T10:46:55
colonia_laosiana,2026-10-02,9.11,12.85,13.99,22.83,24.12,25.6,0.0,0.0,-0.38,0.1,uhi_verano+invierno,2026-10-01T10:46:55
colonia_laosiana,2026-10-03,13.02,14.7,16.0,27.13,29.17,30.82,19.8,63.0,-0.38,0.1,uhi_verano+invierno,2026-10-01T10:46:55
colonia_laosiana,2026-10-04,14.91,16.4,18.57,21.45,24.02,25.32,19.1,63.0,-0.38,0.1,uhi_verano+invierno,2026-10-01T10:46:55
colonia_laosiana,2026-10-05,14.5,16.8,18.99,19.23,23.02,26.4,1.55,3.0,-0.38,0.1,uhi_verano+invierno,2026-10-01T10:46:55
colonia_laosiana,2026-10-06,13.21,17.1,21.36,19.34,23.42,26.92,0.0,3.0,-0.38,0.1,uhi_verano+invierno,2026-10-01T10:46:55
colonia_laosiana,2026-10-07,13.61,18.2,23.48,21.53,25.02,29.11,0.5,51.0,-0.38,0.1,uhi_verano+invierno,2026-10-01T10:46:55
colonia_laosiana,2026-10-08,14.9,18.15,20.4,22.84,26.37,29.61,2.65,,-0.38,0.1,uhi_verano+invierno,2026-10-01T10:46:55
colonia_laosiana,2026-10-09,16.7,18.8,20.6,20.52,21.87,26.58,27.0,,-0.38,0.1,uhi_verano+invierno,2026-10-01T10:46:55
colonia_laosiana,2026-10-10,15.72,17.6,20.06,20.33,23.97,27.39,2.9,,-0.38,0.1,uhi_verano+invierno,2026-10-01T10:46:55
colonia_laosiana,2026-10-11,13.7,16.65,18.49,19.86,23.27,26.82,0.2,,-0.38,0.1,uhi_verano+invierno,2026-10-01T10:46:55
colonia_laosiana,2026-10-12,12.52,15.85,19.63,20.05,23.32,27.91,0.6,,-0.38,0.1,uhi_verano+invierno,2026-10-01T10:46:55
colonia_laosiana,2026-10-13,13.4,17.1,19.58,19.05,21.92,28.1,3.0,,-0.38,0.1,uhi_verano+invierno,2026-10-01T10:46:55
colonia_laosiana,2026-10-14,13.13,17.15,20.06,19.14,23.22,27.4,1.5,,-0.38,0.1,uhi_verano+invierno,2026-10-01T10:46:55
complejo_gervasio_artigas,2026-10-01,13.26,15.74,16.93,22.72,24.0,26.09,0.0,3.0,0.0,-0.06,uhi_verano+invierno,2026-10-01T10:46:55
complejo_gervasio_artigas,2026-10-02,8.95,12.69,13.83,23.21,24.5,25.98,0.0,0.0,0.0,-0.06,uhi_verano+invierno,2026-10-01T10:46:55
complejo_gervasio_artigas,2026-10-03,12.86,14.54,15.84,27.51,29.55,31.2,19.8,63.0,0.0,-0.06,uhi_verano+invierno,2026-10-01T10:46:55
complejo_gervasio_artigas,2026-10-04,14.75,16.24,18.41,21.83,24.4,25.7,19.1,63.0,0.0,-0.06,uhi_verano+invierno,2026-10-01T10:46:55
complejo_gervasio_artigas,2026-10-05,14.34,16.64,18.83,19.61,23.4,26.78,1.55,3.0,0.0,-0.06,uhi_verano+invierno,2026-10-01T10:46:55
complejo_gervasio_artigas,2026-10-06,13.05,16.94,21.2,19.72,23.8,27.3,0.0,3.0,0.0,-0.06,uhi_verano+invierno,2026-10-01T10:46:55
complejo_gervasio_artigas,2026-10-07,13.45,18.04,23.32,21.91,25.4,29.49,0.5,51.0,0.0,-0.06,uhi_verano+invierno,2026-10-01T10:46:55
complejo_gervasio_artigas,2026-10-08,14.74,17.99,20.24,23.22,26.75,29.99,2.65,,0.0,-0.06,uhi_verano+invierno,2026-10-01T10:46:55
complejo_gervasio_artigas,2026-10-09,16.54,18.64,20.44,20.9,22.25,26.96,27.0,,0.0,-0.06,uhi_verano+invierno,2026-10-01T10:46:55
complejo_gervasio_artigas,2026-10-10,15.56,17.44,19.9,20.71,24.35,27.77,2.9,,0.0,-0.06,uhi_verano+invierno,2026-10-01T10:46:55
complejo_gervasio_artigas,2026-10-11,13.54,16.49,18.33,20.24,23.65,27.2,0.2,,0.0,-0.06,uhi_verano+invierno,2026-10-01T10:46:55
complejo_gervasio_artigas,2026-10-12,12.36,15.69,19.47,20.43,23.7,28.29,0.6,,0.0,-0.06,uhi_verano+invierno,2026-10-01T10:46:55
complejo_gervasio_artigas,2026-10-13,13.24,16.94,19.42,19.43,22.3,28.48,3.0,,0.0,-0.06,uhi_verano+invierno,2026-10-01T10:46:55
complejo_gervasio_artigas,2026-10-14,12.97,16.99,19.9,19.52,23.6,27.78,1.5,,0.0,-0.06,uhi_verano+invierno,2026-10-01T10:46:55
complejo_habitacional_virgen_de_fatima,2026-10-01,13.66,16.14,17.33,24.48,25.76,27.85,0.0,3.0,1.76,0.34,uhi_verano+invierno,2026-10-01T10:46:55
complejo_habitacional_virgen_de_fatima,2026-10-02,9.35,13.09,14.23,24.97,26.26,27.74,0.0,0.0,1.76,0.34,uhi_verano+invierno,2026-10-01T10:46:55
complejo_habitacional_virgen_de_fatima,2026-10-03,13.26,14.94,16.24,29.27,31.31,32.96,19.8,63.0,1.76,0.34,uhi_verano+invierno,2026-10-01T10:46:55
complejo_habitacional_virgen_de_fatima,2026-10-04,15.15,16.64,18.81,23.59,26.16,27.46,19.1,63.0,1.76,0.34,uhi_verano+invierno,2026-10-01T10:46:55
complejo_habitacional_virgen_de_fatima,2026-10-05,14.74,17.04,19.23,21.37,25.16,28.54,1.55,3.0,1.76,0.34,uhi_verano+invierno,2026-10-01T10:46:55
complejo_habitacional_virgen_de_fatima,2026-10-06,13.45,17.34,21.6,21.48,25.56,29.06,0.0,3.0,1.76,0.34,uhi_verano+invierno,2026-10-01T10:46:55
complejo_habitacional_virgen_de_fatima,2026-10-07,13.85,18.44,23.72,23.67,27.16,31.25,0.5,51.0,1.76,0.34,uhi_verano+invierno,2026-10-01T10:46:55
complejo_habitacional_virgen_de_fatima,2026-10-08,15.14,18.39,20.64,24.98,28.51,31.75,2.65,,1.76,0.34,uhi_verano+invierno,2026-10-01T10:46:55
complejo_habitacional_virgen_de_fatima,2026-10-09,16.94,19.04,20.84,22.66,24.01,28.72,27.0,,1.76,0.34,uhi_verano+invierno,2026-10-01T10:46:55
complejo_habitacional_virgen_de_fatima,2026-10-10,15.96,17.84,20.3,22.47,26.11,29.53,2.9,,1.76,0.34,uhi_verano+invierno,2026-10-01T10:46:55
complejo_habitacional_virgen_de_fatima,2026-10-11,13.94,16.89,18.73,22.0,25.41,28.96,0.2,,1.76,0.34,uhi_verano+invierno,2026-10-01T10:46:55
complejo_habitacional_virgen_de_fatima,2026-10-12,12.76,16.09,19.87,22.19,25.46,30.05,0.6,,1.76,0.34,uhi_verano+invierno,2026-10-01T10:46:55
complejo_habitacional_virgen_de_fatima,2026-10-13,13.64,17.34,19.82,21.19,24.06,30.24,3.0,,1.76,0.34,uhi_verano+invierno,2026-10-01T10:46:55
complejo_habitacional_virgen_de_fatima,2026-10-14,13.37,17.39,20.3,21.28,25.36,29.54,1.5,,1.76,0.34,uhi_verano+invierno,2026-10-01T10:46:55
dm_itaembe_mini_este,2026-10-01,13.51,15.99,17.18,23.45,24.73,26.82,0.0,3.0,0.73,0.19,uhi_verano+invierno,2026-10-01T10:46:55
dm_itaembe_mini_este,2026-10-02,9.2,12.94,14.08,23.94,25.23,26.71,0.0,0.0,0.73,0.19,uhi_verano+invierno,2026-10-01T10:46:55
dm_itaembe_mini_este,2026-10-03,13.11,14.79,16.09,28.24,30.28,31.93,19.8,63.0,0.73,0.19,uhi_verano+invierno,2026-10-01T10:46:55
dm_itaembe_mini_este,2026-10-04,15.0,16.49,18.66,22.56,25.13,26.43,19.1,63.0,0.73,0.19,uhi_verano+invierno,2026-10-01T10:46:55
dm_itaembe_mini_este,2026-10-05,14.59,16.89,19.08,20.34,24.13,27.51,1.55,3.0,0.73,0.19,uhi_verano+invierno,2026-10-01T10:46:55
dm_itaembe_mini_este,2026-10-06,13.3,17.19,21.45,20.45,24.53,28.03,0.0,3.0,0.73,0.19,uhi_verano+invierno,2026-10-01T10:46:55
dm_itaembe_mini_este,2026-10-07,13.7,18.29,23.57,22.64,26.13,30.22,0.5,51.0,0.73,0.19,uhi_verano+invierno,2026-10-01T10:46:55
dm_itaembe_mini_este,2026-10-08,14.99,18.24,20.49,23.95,27.48,30.72,2.65,,0.73,0.19,uhi_verano+invierno,2026-10-01T10:46:55
dm_itaembe_mini_este,2026-10-09,16.79,18.89,20.69,21.63,22.98,27.69,27.0,,0.73,0.19,uhi_verano+invierno,2026-10-01T10:46:55
dm_itaembe_mini_este,2026-10-10,15.81,17.69,20.15,21.44,25.08,28.5,2.9,,0.73,0.19,uhi_verano+invierno,2026-10-01T10:46:55
dm_itaembe_mini_este,2026-10-11,13.79,16.74,18.58,20.97,24.38,27.93,0.2,,0.73,0.19,uhi_verano+invierno,2026-10-01T10:46:55
dm_itaembe_mini_este,2026-10-12,12.61,15.94,19.72,21.16,24.43,29.02,0.6,,0.73,0.19,uhi_verano+invierno,2026-10-01T10:46:55
dm_itaembe_mini_este,2026-10-13,13.49,17.19,19.67,20.16,23.03,29.21,3.0,,0.73,0.19,uhi_verano+invierno,2026-10-01T10:46:55
dm_itaembe_mini_este,2026-10-14,13.22,17.24,20.15,20.25,24.33,28.51,1.5,,0.73,0.19,uhi_verano+invierno,2026-10-01T10:46:55
dm_itaembe_mini_este_suroeste,2026-10-01,13.5,15.98,17.17,23.51,24.79,26.88,0.0,3.0,0.79,0.18,uhi_verano+invierno,2026-10-01T10:46:55
dm_itaembe_mini_este_suroeste,2026-10-02,9.19,12.93,14.07,24.0,25.29,26.77,0.0,0.0,0.79,0.18,uhi_verano+invierno,2026-10-01T10:46:55
dm_itaembe_mini_este_suroeste,2026-10-03,13.1,14.78,16.08,28.3,30.34,31.99,19.8,63.0,0.79,0.18,uhi_verano+invierno,2026-10-01T10:46:55
dm_itaembe_mini_este_suroeste,2026-10-04,14.99,16.48,18.65,22.62,25.19,26.49,19.1,63.0,0.79,0.18,uhi_verano+invierno,2026-10-01T10:46:55
dm_itaembe_mini_este_suroeste,2026-10-05,14.58,16.88,19.07,20.4,24.19,27.57,1.55,3.0,0.79,0.18,uhi_verano+invierno,2026-10-01T10:46:55
dm_itaembe_mini_este_suroeste,2026-10-06,13.29,17.18,21.44,20.51,24.59,28.09,0.0,3.0,0.79,0.18,uhi_verano+invierno,2026-10-01T10:46:55
dm_itaembe_mini_este_suroeste,2026-10-07,13.69,18.28,23.56,22.7,26.19,30.28,0.5,51.0,0.79,0.18,uhi_verano+invierno,2026-10-01T10:46:55
dm_itaembe_mini_este_suroeste,2026-10-08,14.98,18.23,20.48,24.01,27.54,30.78,2.65,,0.79,0.18,uhi_verano+invierno,2026-10-01T10:46:55
dm_itaembe_mini_este_suroeste,2026-10-09,16.78,18.88,20.68,21.69,23.04,27.75,27.0,,0.79,0.18,uhi_verano+invierno,2026-10-01T10:46:55
dm_itaembe_mini_este_suroeste,2026-10-10,15.8,17.68,20.14,21.5,25.14,28.56,2.9,,0.79,0.18,uhi_verano+invierno,2026-10-01T10:46:55
dm_itaembe_mini_este_suroeste,2026-10-11,13.78,16.73,18.57,21.03,24.44,27.99,0.2,,0.79,0.18,uhi_verano+invierno,2026-10-01T10:46:55
dm_itaembe_mini_este_suroeste,2026-10-12,12.6,15.93,19.71,21.22,24.49,29.08,0.6,,0.79,0.18,uhi_verano+invierno,2026-10-01T10:46:55
dm_itaembe_mini_este_suroeste,2026-10-13,13.48,17.18,19.66,20.22,23.09,29.27,3.0,,0.79,0.18,uhi_verano+invierno,2026-10-01T10:46:55
dm_itaembe_mini_este_suroeste,2026-10-14,13.21,17.23,20.14,20.31,24.39,28.57,1.5,,0.79,0.18,uhi_verano+invierno,2026-10-01T10:46:55
dm_miguel_lanus,2026-10-01,13.58,16.06,17.25,22.81,24.09,26.18,0.0,3.0,0.09,0.26,uhi_verano+invierno,2026-10-01T10:46:55
dm_miguel_lanus,2026-10-02,9.27,13.01,14.15,23.3,24.59,26.07,0.0,0.0,0.09,0.26,uhi_verano+invierno,2026-10-01T10:46:55
dm_miguel_lanus,2026-10-03,13.18,14.86,16.16,27.6,29.64,31.29,19.8,63.0,0.09,0.26,uhi_verano+invierno,2026-10-01T10:46:55
dm_miguel_lanus,2026-10-04,15.07,16.56,18.73,21.92,24.49,25.79,19.1,63.0,0.09,0.26,uhi_verano+invierno,2026-10-01T10:46:55
dm_miguel_lanus,2026-10-05,14.66,16.96,19.15,19.7,23.49,26.87,1.55,3.0,0.09,0.26,uhi_verano+invierno,2026-10-01T10:46:55
dm_miguel_lanus,2026-10-06,13.37,17.26,21.52,19.81,23.89,27.39,0.0,3.0,0.09,0.26,uhi_verano+invierno,2026-10-01T10:46:55
dm_miguel_lanus,2026-10-07,13.77,18.36,23.64,22.0,25.49,29.58,0.5,51.0,0.09,0.26,uhi_verano+invierno,2026-10-01T10:46:55
dm_miguel_lanus,2026-10-08,15.06,18.31,20.56,23.31,26.84,30.08,2.65,,0.09,0.26,uhi_verano+invierno,2026-10-01T10:46:55
dm_miguel_lanus,2026-10-09,16.86,18.96,20.76,20.99,22.34,27.05,27.0,,0.09,0.26,uhi_verano+invierno,2026-10-01T10:46:55
dm_miguel_lanus,2026-10-10,15.88,17.76,20.22,20.8,24.44,27.86,2.9,,0.09,0.26,uhi_verano+invierno,2026-10-01T10:46:55
dm_miguel_lanus,2026-10-11,13.86,16.81,18.65,20.33,23.74,27.29,0.2,,0.09,0.26,uhi_verano+invierno,2026-10-01T10:46:55
dm_miguel_lanus,2026-10-12,12.68,16.01,19.79,20.52,23.79,28.38,0.6,,0.09,0.26,uhi_verano+invierno,2026-10-01T10:46:55
dm_miguel_lanus,2026-10-13,13.56,17.26,19.74,19.52,22.39,28.57,3.0,,0.09,0.26,uhi_verano+invierno,2026-10-01T10:46:55
dm_miguel_lanus,2026-10-14,13.29,17.31,20.22,19.61,23.69,27.87,1.5,,0.09,0.26,uhi_verano+invierno,2026-10-01T10:46:55
dm_miguel_lanus_sur,2026-10-01,13.32,15.8,16.99,22.72,24.0,26.09,0.0,3.0,0.0,0.0,ninguno,2026-10-01T10:46:55
dm_miguel_lanus_sur,2026-10-02,9.01,12.75,13.89,23.21,24.5,25.98,0.0,0.0,0.0,0.0,ninguno,2026-10-01T10:46:55
dm_miguel_lanus_sur,2026-10-03,12.92,14.6,15.9,27.51,29.55,31.2,19.8,63.0,0.0,0.0,ninguno,2026-10-01T10:46:55
dm_miguel_lanus_sur,2026-10-04,14.81,16.3,18.47,21.83,24.4,25.7,19.1,63.0,0.0,0.0,ninguno,2026-10-01T10:46:55
dm_miguel_lanus_sur,2026-10-05,14.4,16.7,18.89,19.61,23.4,26.78,1.55,3.0,0.0,0.0,ninguno,2026-10-01T10:46:55
dm_miguel_lanus_sur,2026-10-06,13.11,17.0,21.26,19.72,23.8,27.3,0.0,3.0,0.0,0.0,ninguno,2026-10-01T10:46:55
dm_miguel_lanus_sur,2026-10-07,13.51,18.1,23.38,21.91,25.4,29.49,0.5,51.0,0.0,0.0,ninguno,2026-10-01T10:46:55
dm_miguel_lanus_sur,2026-10-08,14.8,18.05,20.3,23.22,26.75,29.99,2.65,,0.0,0.0,ninguno,2026-10-01T10:46:55
dm_miguel_lanus_sur,2026-10-09,16.6,18.7,20.5,20.9,22.25,26.96,27.0,,0.0,0.0,ninguno,2026-10-01T10:46:55
dm_miguel_lanus_sur,2026-10-10,15.62,17.5,19.96,20.71,24.35,27.77,2.9,,0.0,0.0,ninguno,2026-10-01T10:46:55
dm_miguel_lanus_sur,2026-10-11,13.6,16.55,18.39,20.24,23.65,27.2,0.2,,0.0,0.0,ninguno,2026-10-01T10:46:55
dm_miguel_lanus_sur,2026-10-12,12.42,15.75,19.53,20.43,23.7,28.29,0.6,,0.0,0.0,ninguno,2026-10-01T10:46:55
dm_miguel_lanus_sur,2026-10-13,13.3,17.0,19.48,19.43,22.3,28.48,3.0,,0.0,0.0,ninguno,2026-10-01T10:46:55
dm_miguel_lanus_sur,2026-10-14,13.03,17.05,19.96,19.52,23.6,27.78,1.5,,0.0,0.0,ninguno,2026-10-01T10:46:55
dm_santa_rita,2026-10-01,13.6,16.08,17.27,23.82,25.1,27.19,0.0,3.0,1.1,0.28,uhi_verano+invierno,2026-10-01T10:46:55
dm_santa_rita,2026-10-02,9.29,13.03,14.17,24.31,25.6,27.08,0.0,0.0,1.1,0.28,uhi_verano+invierno,2026-10-01T10:46:55
dm_santa_rita,2026-10-03,13.2,14.88,16.18,28.61,30.65,32.3,19.8,63.0,1.1,0.28,uhi_verano+invierno,2026-10-01T10:46:55
dm_santa_rita,2026-10-04,15.09,16.58,18.75,22.93,25.5,26.8,19.1,63.0,1.1,0.28,uhi_verano+invierno,2026-10-01T10:46:55
dm_santa_rita,2026-10-05,14.68,16.98,19.17,20.71,24.5,27.88,1.55,3.0,1.1,0.28,uhi_verano+invierno,2026-10-01T10:46:55
dm_santa_rita,2026-10-06,13.39,17.28,21.54,20.82,24.9,28.4,0.0,3.0,1.1,0.28,uhi_verano+invierno,2026-10-01T10:46:55
dm_santa_rita,2026-10-07,13.79,18.38,23.66,23.01,26.5,30.59,0.5,51.0,1.1,0.28,uhi_verano+invierno,2026-10-01T10:46:55
dm_santa_rita,2026-10-08,15.08,18.33,20.58,24.32,27.85,31.09,2.65,,1.1,0.28,uhi_verano+invierno,2026-10-01T10:46:55
dm_santa_rita,2026-10-09,16.88,18.98,20.78,22.0,23.35,28.06,27.0,,1.1,0.28,uhi_verano+invierno,2026-10-01T10:46:55
dm_santa_rita,2026-10-10,15.9,17.78,20.24,21.81,25.45,28.87,2.9,,1.1,0.28,uhi_verano+invierno,2026-10-01T10:46:55
dm_santa_rita,2026-10-11,13.88,16.83,18.67,21.34,24.75,28.3,0.2,,1.1,0.28,uhi_verano+invierno,2026-10-01T10:46:55
dm_santa_rita,2026-10-12,12.7,16.03,19.81,21.53,24.8,29.39,0.6,,1.1,0.28,uhi_verano+invierno,2026-10-01T10:46:55
dm_santa_rita,2026-10-13,13.58,17.28,19.76,20.53,23.4,29.58,3.0,,1.1,0.28,uhi_verano+invierno,2026-10-01T10:46:55
dm_santa_rita,2026-10-14,13.31,17.33,20.24,20.62,24.7,28.88,1.5,,1.1,0.28,uhi_verano+invierno,2026-10-01T10:46:55
dm_santa_rita_suroeste,2026-10-01,13.59,16.07,17.26,24.15,25.43,27.52,0.0,3.0,1.43,0.27,uhi_verano+invierno,2026-10-01T10:46:55
dm_santa_rita_suroeste,2026-10-02,9.28,13.02,14.16,24.64,25.93,27.41,0.0,0.0,1.43,0.27,uhi_verano+invierno,2026-10-01T10:46:55
dm_santa_rita_suroeste,2026-10-03,13.19,14.87,16.17,28.94,30.98,32.63,19.8,63.0,1.43,0.27,uhi_verano+invierno,2026-10-01T10:46:55
dm_santa_rita_suroeste,2026-10-04,15.08,16.57,18.74,23.26,25.83,27.13,19.1,63.0,1.43,0.27,uhi_verano+invierno,2026-10-01T10:46:55
dm_santa_rita_suroeste,2026-10-05,14.67,16.97,19.16,21.04,24.83,28.21,1.55,3.0,1.43,0.27,uhi_verano+invierno,2026-10-01T10:46:55
dm_santa_rita_suroeste,2026-10-06,13.38,17.27,21.53,21.15,25.23,28.73,0.0,3.0,1.43,0.27,uhi_verano+invierno,2026-10-01T10:46:55
dm_santa_rita_suroeste,2026-10-07,13.78,18.37,23.65,23.34,26.83,30.92,0.5,51.0,1.43,0.27,uhi_verano+invierno,2026-10-01T10:46:55
dm_santa_rita_suroeste,2026-10-08,15.07,18.32,20.57,24.65,28.18,31.42,2.65,,1.43,0.27,uhi_verano+invierno,2026-10-01T10:46:55
dm_santa_rita_suroeste,2026-10-09,16.87,18.97,20.77,22.33,23.68,28.39,27.0,,1.43,0.27,uhi_verano+invierno,2026-10-01T10:46:55
dm_santa_rita_suroeste,2026-10-10,15.89,17.77,20.23,22.14,25.78,29.2,2.9,,1.43,0.27,uhi_verano+invierno,2026-10-01T10:46:55
dm_santa_rita_suroeste,2026-10-11,13.87,16.82,18.66,21.67,25.08,28.63,0.2,,1.43,0.27,uhi_verano+invierno,2026-10-01T10:46:55
dm_santa_rita_suroeste,2026-10-12,12.69,16.02,19.8,21.86,25.13,29.72,0.6,,1.43,0.27,uhi_verano+invierno,2026-10-01T10:46:55
dm_santa_rita_suroeste,2026-10-13,13.57,17.27,19.75,20.86,23.73,29.91,3.0,,1.43,0.27,uhi_verano+invierno,2026-10-01T10:46:55
dm_santa_rita_suroeste,2026-10-14,13.3,17.32,20.23,20.95,25.03,29.21,1.5,,1.43,0.27,uhi_verano+invierno,2026-10-01T10:46:55
dm_villa_urquiza,2026-10-01,13.73,16.21,17.4,24.32,25.6,27.69,0.0,3.0,1.6,0.41,uhi_verano+invierno,2026-10-01T10:46:55
dm_villa_urquiza,2026-10-02,9.42,13.16,14.3,24.81,26.1,27.58,0.0,0.0,1.6,0.41,uhi_verano+invierno,2026-10-01T10:46:55
dm_villa_urquiza,2026-10-03,13.33,15.01,16.31,29.11,31.15,32.8,19.8,63.0,1.6,0.41,uhi_verano+invierno,2026-10-01T10:46:55
dm_villa_urquiza,2026-10-04,15.22,16.71,18.88,23.43,26.0,27.3,19.1,63.0,1.6,0.41,uhi_verano+invierno,2026-10-01T10:46:55
dm_villa_urquiza,2026-10-05,14.81,17.11,19.3,21.21,25.0,28.38,1.55,3.0,1.6,0.41,uhi_verano+invierno,2026-10-01T10:46:55
dm_villa_urquiza,2026-10-06,13.52,17.41,21.67,21.32,25.4,28.9,0.0,3.0,1.6,0.41,uhi_verano+invierno,2026-10-01T10:46:55
dm_villa_urquiza,2026-10-07,13.92,18.51,23.79,23.51,27.0,31.09,0.5,51.0,1.6,0.41,uhi_verano+invierno,2026-10-01T10:46:55
dm_villa_urquiza,2026-10-08,15.21,18.46,20.71,24.82,28.35,31.59,2.65,,1.6,0.41,uhi_verano+invierno,2026-10-01T10:46:55
dm_villa_urquiza,2026-10-09,17.01,19.11,20.91,22.5,23.85,28.56,27.0,,1.6,0.41,uhi_verano+invierno,2026-10-01T10:46:55
dm_villa_urquiza,2026-10-10,16.03,17.91,20.37,22.31,25.95,29.37,2.9,,1.6,0.41,uhi_verano+invierno,2026-10-01T10:46:55
dm_villa_urquiza,2026-10-11,14.01,16.96,18.8,21.84,25.25,28.8,0.2,,1.6,0.41,uhi_verano+invierno,2026-10-01T10:46:55
dm_villa_urquiza,2026-10-12,12.83,16.16,19.94,22.03,25.3,29.89,0.6,,1.6,0.41,uhi_verano+invierno,2026-10-01T10:46:55
dm_villa_urquiza,2026-10-13,13.71,17.41,19.89,21.03,23.9,30.08,3.0,,1.6,0.41,uhi_verano+invierno,2026-10-01T10:46:55
dm_villa_urquiza,2026-10-14,13.44,17.46,20.37,21.12,25.2,29.38,1.5,,1.6,0.41,uhi_verano+invierno,2026-10-01T10:46:55
dm_villa_urquiza_sureste,2026-10-01,13.78,16.26,17.45,24.17,25.45,27.54,0.0,3.0,1.45,0.46,uhi_verano+invierno,2026-10-01T10:46:55
dm_villa_urquiza_sureste,2026-10-02,9.47,13.21,14.35,24.66,25.95,27.43,0.0,0.0,1.45,0.46,uhi_verano+invierno,2026-10-01T10:46:55
dm_villa_urquiza_sureste,2026-10-03,13.38,15.06,16.36,28.96,31.0,32.65,19.8,63.0,1.45,0.46,uhi_verano+invierno,2026-10-01T10:46:55
dm_villa_urquiza_sureste,2026-10-04,15.27,16.76,18.93,23.28,25.85,27.15,19.1,63.0,1.45,0.46,uhi_verano+invierno,2026-10-01T10:46:55
dm_villa_urquiza_sureste,2026-10-05,14.86,17.16,19.35,21.06,24.85,28.23,1.55,3.0,1.45,0.46,uhi_verano+invierno,2026-10-01T10:46:55
dm_villa_urquiza_sureste,2026-10-06,13.57,17.46,21.72,21.17,25.25,28.75,0.0,3.0,1.45,0.46,uhi_verano+invierno,2026-10-01T10:46:55
dm_villa_urquiza_sureste,2026-10-07,13.97,18.56,23.84,23.36,26.85,30.94,0.5,51.0,1.45,0.46,uhi_verano+invierno,2026-10-01T10:46:55
dm_villa_urquiza_sureste,2026-10-08,15.26,18.51,20.76,24.67,28.2,31.44,2.65,,1.45,0.46,uhi_verano+invierno,2026-10-01T10:46:55
dm_villa_urquiza_sureste,2026-10-09,17.06,19.16,20.96,22.35,23.7,28.41,27.0,,1.45,0.46,uhi_verano+invierno,2026-10-01T10:46:55
dm_villa_urquiza_sureste,2026-10-10,16.08,17.96,20.42,22.16,25.8,29.22,2.9,,1.45,0.46,uhi_verano+invierno,2026-10-01T10:46:55
dm_villa_urquiza_sureste,2026-10-11,14.06,17.01,18.85,21.69,25.1,28.65,0.2,,1.45,0.46,uhi_verano+invierno,2026-10-01T10:46:55
dm_villa_urquiza_sureste,2026-10-12,12.88,16.21,19.99,21.88,25.15,29.74,0.6,,1.45,0.46,uhi_verano+invierno,2026-10-01T10:46:55
dm_villa_urquiza_sureste,2026-10-13,13.76,17.46,19.94,20.88,23.75,29.93,3.0,,1.45,0.46,uhi_verano+invierno,2026-10-01T10:46:55
dm_villa_urquiza_sureste,2026-10-14,13.49,17.51,20.42,20.97,25.05,29.23,1.5,,1.45,0.46,uhi_verano+invierno,2026-10-01T10:46:55
don_santiago,2026-10-01,13.31,15.79,16.98,23.64,24.92,27.01,0.0,3.0,0.92,-0.01,uhi_verano+invierno,2026-10-01T10:46:55
don_santiago,2026-10-02,9.0,12.74,13.88,24.13,25.42,26.9,0.0,0.0,0.92,-0.01,uhi_verano+invierno,2026-10-01T10:46:55
don_santiago,2026-10-03,12.91,14.59,15.89,28.43,30.47,32.12,19.8,63.0,0.92,-0.01,uhi_verano+invierno,2026-10-01T10:46:55
don_santiago,2026-10-04,14.8,16.29,18.46,22.75,25.32,26.62,19.1,63.0,0.92,-0.01,uhi_verano+invierno,2026-10-01T10:46:55
don_santiago,2026-10-05,14.39,16.69,18.88,20.53,24.32,27.7,1.55,3.0,0.92,-0.01,uhi_verano+invierno,2026-10-01T10:46:55
don_santiago,2026-10-06,13.1,16.99,21.25,20.64,24.72,28.22,0.0,3.0,0.92,-0.01,uhi_verano+invierno,2026-10-01T10:46:55
don_santiago,2026-10-07,13.5,18.09,23.37,22.83,26.32,30.41,0.5,51.0,0.92,-0.01,uhi_verano+invierno,2026-10-01T10:46:55
don_santiago,2026-10-08,14.79,18.04,20.29,24.14,27.67,30.91,2.65,,0.92,-0.01,uhi_verano+invierno,2026-10-01T10:46:55
don_santiago,2026-10-09,16.59,18.69,20.49,21.82,23.17,27.88,27.0,,0.92,-0.01,uhi_verano+invierno,2026-10-01T10:46:55
don_santiago,2026-10-10,15.61,17.49,19.95,21.63,25.27,28.69,2.9,,0.92,-0.01,uhi_verano+invierno,2026-10-01T10:46:55
don_santiago,2026-10-11,13.59,16.54,18.38,21.16,24.57,28.12,0.2,,0.92,-0.01,uhi_verano+invierno,2026-10-01T10:46:55
don_santiago,2026-10-12,12.41,15.74,19.52,21.35,24.62,29.21,0.6,,0.92,-0.01,uhi_verano+invierno,2026-10-01T10:46:55
don_santiago,2026-10-13,13.29,16.99,19.47,20.35,23.22,29.4,3.0,,0.92,-0.01,uhi_verano+invierno,2026-10-01T10:46:55
don_santiago,2026-10-14,13.02,17.04,19.95,20.44,24.52,28.7,1.5,,0.92,-0.01,uhi_verano+invierno,2026-10-01T10:46:55
el_brete,2026-10-01,13.66,16.14,17.33,23.5,24.78,26.87,0.0,3.0,0.78,0.34,uhi_verano+invierno,2026-10-01T10:46:55
el_brete,2026-10-02,9.35,13.09,14.23,23.99,25.28,26.76,0.0,0.0,0.78,0.34,uhi_verano+invierno,2026-10-01T10:46:55
el_brete,2026-10-03,13.26,14.94,16.24,28.29,30.33,31.98,19.8,63.0,0.78,0.34,uhi_verano+invierno,2026-10-01T10:46:55
el_brete,2026-10-04,15.15,16.64,18.81,22.61,25.18,26.48,19.1,63.0,0.78,0.34,uhi_verano+invierno,2026-10-01T10:46:55
el_brete,2026-10-05,14.74,17.04,19.23,20.39,24.18,27.56,1.55,3.0,0.78,0.34,uhi_verano+invierno,2026-10-01T10:46:55
el_brete,2026-10-06,13.45,17.34,21.6,20.5,24.58,28.08,0.0,3.0,0.78,0.34,uhi_verano+invierno,2026-10-01T10:46:55
el_brete,2026-10-07,13.85,18.44,23.72,22.69,26.18,30.27,0.5,51.0,0.78,0.34,uhi_verano+invierno,2026-10-01T10:46:55
el_brete,2026-10-08,15.14,18.39,20.64,24.0,27.53,30.77,2.65,,0.78,0.34,uhi_verano+invierno,2026-10-01T10:46:55
el_brete,2026-10-09,16.94,19.04,20.84,21.68,23.03,27.74,27.0,,0.78,0.34,uhi_verano+invierno,2026-10-01T10:46:55
el_brete,2026-10-10,15.96,17.84,20.3,21.49,25.13,28.55,2.9,,0.78,0.34,uhi_verano+invierno,2026-10-01T10:46:55
el_brete,2026-10-11,13.94,16.89,18.73,21.02,24.43,27.98,0.2,,0.78,0.34,uhi_verano+invierno,2026-10-01T10:46:55
el_brete,2026-10-12,12.76,16.09,19.87,21.21,24.48,29.07,0.6,,0.78,0.34,uhi_verano+invierno,2026-10-01T10:46:55
el_brete,2026-10-13,13.64,17.34,19.82,20.21,23.08,29.26,3.0,,0.78,0.34,uhi_verano+invierno,2026-10-01T10:46:55
el_brete,2026-10-14,13.37,17.39,20.3,20.3,24.38,28.56,1.5,,0.78,0.34,uhi_verano+invierno,2026-10-01T10:46:55
el_laurel,2026-10-01,13.4,15.88,17.07,21.92,23.2,25.29,0.0,3.0,-0.8,0.08,uhi_verano+invierno,2026-10-01T10:46:55
el_laurel,2026-10-02,9.09,12.83,13.97,22.41,23.7,25.18,0.0,0.0,-0.8,0.08,uhi_verano+invierno,2026-10-01T10:46:55
el_laurel,2026-10-03,13.0,14.68,15.98,26.71,28.75,30.4,19.8,63.0,-0.8,0.08,uhi_verano+invierno,2026-10-01T10:46:55
el_laurel,2026-10-04,14.89,16.38,18.55,21.03,23.6,24.9,19.1,63.0,-0.8,0.08,uhi_verano+invierno,2026-10-01T10:46:55
el_laurel,2026-10-05,14.48,16.78,18.97,18.81,22.6,25.98,1.55,3.0,-0.8,0.08,uhi_verano+invierno,2026-10-01T10:46:55
el_laurel,2026-10-06,13.19,17.08,21.34,18.92,23.0,26.5,0.0,3.0,-0.8,0.08,uhi_verano+invierno,2026-10-01T10:46:55
el_laurel,2026-10-07,13.59,18.18,23.46,21.11,24.6,28.69,0.5,51.0,-0.8,0.08,uhi_verano+invierno,2026-10-01T10:46:55
el_laurel,2026-10-08,14.88,18.13,20.38,22.42,25.95,29.19,2.65,,-0.8,0.08,uhi_verano+invierno,2026-10-01T10:46:55
el_laurel,2026-10-09,16.68,18.78,20.58,20.1,21.45,26.16,27.0,,-0.8,0.08,uhi_verano+invierno,2026-10-01T10:46:55
el_laurel,2026-10-10,15.7,17.58,20.04,19.91,23.55,26.97,2.9,,-0.8,0.08,uhi_verano+invierno,2026-10-01T10:46:55
el_laurel,2026-10-11,13.68,16.63,18.47,19.44,22.85,26.4,0.2,,-0.8,0.08,uhi_verano+invierno,2026-10-01T10:46:55
el_laurel,2026-10-12,12.5,15.83,19.61,19.63,22.9,27.49,0.6,,-0.8,0.08,uhi_verano+invierno,2026-10-01T10:46:55
el_laurel,2026-10-13,13.38,17.08,19.56,18.63,21.5,27.68,3.0,,-0.8,0.08,uhi_verano+invierno,2026-10-01T10:46:55
el_laurel,2026-10-14,13.11,17.13,20.04,18.72,22.8,26.98,1.5,,-0.8,0.08,uhi_verano+invierno,2026-10-01T10:46:55
el_palomar,2026-10-01,13.54,16.02,17.21,24.47,25.75,27.84,0.0,3.0,1.75,0.22,uhi_verano+invierno,2026-10-01T10:46:55
el_palomar,2026-10-02,9.23,12.97,14.11,24.96,26.25,27.73,0.0,0.0,1.75,0.22,uhi_verano+invierno,2026-10-01T10:46:55
el_palomar,2026-10-03,13.14,14.82,16.12,29.26,31.3,32.95,19.8,63.0,1.75,0.22,uhi_verano+invierno,2026-10-01T10:46:55
el_palomar,2026-10-04,15.03,16.52,18.69,23.58,26.15,27.45,19.1,63.0,1.75,0.22,uhi_verano+invierno,2026-10-01T10:46:55
el_palomar,2026-10-05,14.62,16.92,19.11,21.36,25.15,28.53,1.55,3.0,1.75,0.22,uhi_verano+invierno,2026-10-01T10:46:55
el_palomar,2026-10-06,13.33,17.22,21.48,21.47,25.55,29.05,0.0,3.0,1.75,0.22,uhi_verano+invierno,2026-10-01T10:46:55
el_palomar,2026-10-07,13.73,18.32,23.6,23.66,27.15,31.24,0.5,51.0,1.75,0.22,uhi_verano+invierno,2026-10-01T10:46:55
el_palomar,2026-10-08,15.02,18.27,20.52,24.97,28.5,31.74,2.65,,1.75,0.22,uhi_verano+invierno,2026-10-01T10:46:55
el_palomar,2026-10-09,16.82,18.92,20.72,22.65,24.0,28.71,27.0,,1.75,0.22,uhi_verano+invierno,2026-10-01T10:46:55
el_palomar,2026-10-10,15.84,17.72,20.18,22.46,26.1,29.52,2.9,,1.75,0.22,uhi_verano+invierno,2026-10-01T10:46:55
el_palomar,2026-10-11,13.82,16.77,18.61,21.99,25.4,28.95,0.2,,1.75,0.22,uhi_verano+invierno,2026-10-01T10:46:55
el_palomar,2026-10-12,12.64,15.97,19.75,22.18,25.45,30.04,0.6,,1.75,0.22,uhi_verano+invierno,2026-10-01T10:46:55
el_palomar,2026-10-13,13.52,17.22,19.7,21.18,24.05,30.23,3.0,,1.75,0.22,uhi_verano+invierno,2026-10-01T10:46:55
el_palomar,2026-10-14,13.25,17.27,20.18,21.27,25.35,29.53,1.5,,1.75,0.22,uhi_verano+invierno,2026-10-01T10:46:55
el_portal,2026-10-01,13.33,15.81,17.0,23.5,24.78,26.87,0.0,3.0,0.78,0.01,uhi_verano+invierno,2026-10-01T10:46:55
el_portal,2026-10-02,9.02,12.76,13.9,23.99,25.28,26.76,0.0,0.0,0.78,0.01,uhi_verano+invierno,2026-10-01T10:46:55
el_portal,2026-10-03,12.93,14.61,15.91,28.29,30.33,31.98,19.8,63.0,0.78,0.01,uhi_verano+invierno,2026-10-01T10:46:55
el_portal,2026-10-04,14.82,16.31,18.48,22.61,25.18,26.48,19.1,63.0,0.78,0.01,uhi_verano+invierno,2026-10-01T10:46:55
el_portal,2026-10-05,14.41,16.71,18.9,20.39,24.18,27.56,1.55,3.0,0.78,0.01,uhi_verano+invierno,2026-10-01T10:46:55
el_portal,2026-10-06,13.12,17.01,21.27,20.5,24.58,28.08,0.0,3.0,0.78,0.01,uhi_verano+invierno,2026-10-01T10:46:55
el_portal,2026-10-07,13.52,18.11,23.39,22.69,26.18,30.27,0.5,51.0,0.78,0.01,uhi_verano+invierno,2026-10-01T10:46:55
el_portal,2026-10-08,14.81,18.06,20.31,24.0,27.53,30.77,2.65,,0.78,0.01,uhi_verano+invierno,2026-10-01T10:46:55
el_portal,2026-10-09,16.61,18.71,20.51,21.68,23.03,27.74,27.0,,0.78,0.01,uhi_verano+invierno,2026-10-01T10:46:55
el_portal,2026-10-10,15.63,17.51,19.97,21.49,25.13,28.55,2.9,,0.78,0.01,uhi_verano+invierno,2026-10-01T10:46:55
el_portal,2026-10-11,13.61,16.56,18.4,21.02,24.43,27.98,0.2,,0.78,0.01,uhi_verano+invierno,2026-10-01T10:46:55
el_portal,2026-10-12,12.43,15.76,19.54,21.21,24.48,29.07,0.6,,0.78,0.01,uhi_verano+invierno,2026-10-01T10:46:55
el_portal,2026-10-13,13.31,17.01,19.49,20.21,23.08,29.26,3.0,,0.78,0.01,uhi_verano+invierno,2026-10-01T10:46:55
el_portal,2026-10-14,13.04,17.06,19.97,20.3,24.38,28.56,1.5,,0.78,0.01,uhi_verano+invierno,2026-10-01T10:46:55
fatima,2026-10-01,13.44,15.92,17.11,23.3,24.58,26.67,0.0,3.0,0.58,0.12,uhi_verano+invierno,2026-10-01T10:46:55
fatima,2026-10-02,9.13,12.87,14.01,23.79,25.08,26.56,0.0,0.0,0.58,0.12,uhi_verano+invierno,2026-10-01T10:46:55
fatima,2026-10-03,13.04,14.72,16.02,28.09,30.13,31.78,19.8,63.0,0.58,0.12,uhi_verano+invierno,2026-10-01T10:46:55
fatima,2026-10-04,14.93,16.42,18.59,22.41,24.98,26.28,19.1,63.0,0.58,0.12,uhi_verano+invierno,2026-10-01T10:46:55
fatima,2026-10-05,14.52,16.82,19.01,20.19,23.98,27.36,1.55,3.0,0.58,0.12,uhi_verano+invierno,2026-10-01T10:46:55
fatima,2026-10-06,13.23,17.12,21.38,20.3,24.38,27.88,0.0,3.0,0.58,0.12,uhi_verano+invierno,2026-10-01T10:46:55
fatima,2026-10-07,13.63,18.22,23.5,22.49,25.98,30.07,0.5,51.0,0.58,0.12,uhi_verano+invierno,2026-10-01T10:46:55
fatima,2026-10-08,14.92,18.17,20.42,23.8,27.33,30.57,2.65,,0.58,0.12,uhi_verano+invierno,2026-10-01T10:46:55
fatima,2026-10-09,16.72,18.82,20.62,21.48,22.83,27.54,27.0,,0.58,0.12,uhi_verano+invierno,2026-10-01T10:46:55
fatima,2026-10-10,15.74,17.62,20.08,21.29,24.93,28.35,2.9,,0.58,0.12,uhi_verano+invierno,2026-10-01T10:46:55
fatima,2026-10-11,13.72,16.67,18.51,20.82,24.23,27.78,0.2,,0.58,0.12,uhi_verano+invierno,2026-10-01T10:46:55
fatima,2026-10-12,12.54,15.87,19.65,21.01,24.28,28.87,0.6,,0.58,0.12,uhi_verano+invierno,2026-10-01T10:46:55
fatima,2026-10-13,13.42,17.12,19.6,20.01,22.88,29.06,3.0,,0.58,0.12,uhi_verano+invierno,2026-10-01T10:46:55
fatima,2026-10-14,13.15,17.17,20.08,20.1,24.18,28.36,1.5,,0.58,0.12,uhi_verano+invierno,2026-10-01T10:46:55
fatima_sur,2026-10-01,13.32,15.8,16.99,22.72,24.0,26.09,0.0,3.0,0.0,0.0,ninguno,2026-10-01T10:46:55
fatima_sur,2026-10-02,9.01,12.75,13.89,23.21,24.5,25.98,0.0,0.0,0.0,0.0,ninguno,2026-10-01T10:46:55
fatima_sur,2026-10-03,12.92,14.6,15.9,27.51,29.55,31.2,19.8,63.0,0.0,0.0,ninguno,2026-10-01T10:46:55
fatima_sur,2026-10-04,14.81,16.3,18.47,21.83,24.4,25.7,19.1,63.0,0.0,0.0,ninguno,2026-10-01T10:46:55
fatima_sur,2026-10-05,14.4,16.7,18.89,19.61,23.4,26.78,1.55,3.0,0.0,0.0,ninguno,2026-10-01T10:46:55
fatima_sur,2026-10-06,13.11,17.0,21.26,19.72,23.8,27.3,0.0,3.0,0.0,0.0,ninguno,2026-10-01T10:46:55
fatima_sur,2026-10-07,13.51,18.1,23.38,21.91,25.4,29.49,0.5,51.0,0.0,0.0,ninguno,2026-10-01T10:46:55
fatima_sur,2026-10-08,14.8,18.05,20.3,23.22,26.75,29.99,2.65,,0.0,0.0,ninguno,2026-10-01T10:46:55
fatima_sur,2026-10-09,16.6,18.7,20.5,20.9,22.25,26.96,27.0,,0.0,0.0,ninguno,2026-10-01T10:46:55
fatima_sur,2026-10-10,15.62,17.5,19.96,20.71,24.35,27.77,2.9,,0.0,0.0,ninguno,2026-10-01T10:46:55
fatima_sur,2026-10-11,13.6,16.55,18.39,20.24,23.65,27.2,0.2,,0.0,0.0,ninguno,2026-10-01T10:46:55
fatima_sur,2026-10-12,12.42,15.75,19.53,20.43,23.7,28.29,0.6,,0.0,0.0,ninguno,2026-10-01T10:46:55
fatima_sur,2026-10-13,13.3,17.0,19.48,19.43,22.3,28.48,3.0,,0.0,0.0,ninguno,2026-10-01T10:46:55
fatima_sur,2026-10-14,13.03,17.05,19.96,19.52,23.6,27.78,1.5,,0.0,0.0,ninguno,2026-10-01T10:46:55
federal,2026-10-01,13.25,15.73,16.92,22.91,24.19,26.28,0.0,3.0,0.19,-0.07,uhi_verano+invierno,2026-10-01T10:46:55
federal,2026-10-02,8.94,12.68,13.82,23.4,24.69,26.17,0.0,0.0,0.19,-0.07,uhi_verano+invierno,2026-10-01T10:46:55
federal,2026-10-03,12.85,14.53,15.83,27.7,29.74,31.39,19.8,63.0,0.19,-0.07,uhi_verano+invierno,2026-10-01T10:46:55
federal,2026-10-04,14.74,16.23,18.4,22.02,24.59,25.89,19.1,63.0,0.19,-0.07,uhi_verano+invierno,2026-10-01T10:46:55
federal,2026-10-05,14.33,16.63,18.82,19.8,23.59,26.97,1.55,3.0,0.19,-0.07,uhi_verano+invierno,2026-10-01T10:46:55
federal,2026-10-06,13.04,16.93,21.19,19.91,23.99,27.49,0.0,3.0,0.19,-0.07,uhi_verano+invierno,2026-10-01T10:46:55
federal,2026-10-07,13.44,18.03,23.31,22.1,25.59,29.68,0.5,51.0,0.19,-0.07,uhi_verano+invierno,2026-10-01T10:46:55
federal,2026-10-08,14.73,17.98,20.23,23.41,26.94,30.18,2.65,,0.19,-0.07,uhi_verano+invierno,2026-10-01T10:46:55
federal,2026-10-09,16.53,18.63,20.43,21.09,22.44,27.15,27.0,,0.19,-0.07,uhi_verano+invierno,2026-10-01T10:46:55
federal,2026-10-10,15.55,17.43,19.89,20.9,24.54,27.96,2.9,,0.19,-0.07,uhi_verano+invierno,2026-10-01T10:46:55
federal,2026-10-11,13.53,16.48,18.32,20.43,23.84,27.39,0.2,,0.19,-0.07,uhi_verano+invierno,2026-10-01T10:46:55
federal,2026-10-12,12.35,15.68,19.46,20.62,23.89,28.48,0.6,,0.19,-0.07,uhi_verano+invierno,2026-10-01T10:46:55
federal,2026-10-13,13.23,16.93,19.41,19.62,22.49,28.67,3.0,,0.19,-0.07,uhi_verano+invierno,2026-10-01T10:46:55
federal,2026-10-14,12.96,16.98,19.89,19.71,23.79,27.97,1.5,,0.19,-0.07,uhi_verano+invierno,2026-10-01T10:46:55
horacio_quiroga,2026-10-01,13.3,15.78,16.97,23.12,24.4,26.49,0.0,3.0,0.4,-0.02,uhi_verano+invierno,2026-10-01T10:46:55
horacio_quiroga,2026-10-02,8.99,12.73,13.87,23.61,24.9,26.38,0.0,0.0,0.4,-0.02,uhi_verano+invierno,2026-10-01T10:46:55
horacio_quiroga,2026-10-03,12.9,14.58,15.88,27.91,29.95,31.6,19.8,63.0,0.4,-0.02,uhi_verano+invierno,2026-10-01T10:46:55
horacio_quiroga,2026-10-04,14.79,16.28,18.45,22.23,24.8,26.1,19.1,63.0,0.4,-0.02,uhi_verano+invierno,2026-10-01T10:46:55
horacio_quiroga,2026-10-05,14.38,16.68,18.87,20.01,23.8,27.18,1.55,3.0,0.4,-0.02,uhi_verano+invierno,2026-10-01T10:46:55
horacio_quiroga,2026-10-06,13.09,16.98,21.24,20.12,24.2,27.7,0.0,3.0,0.4,-0.02,uhi_verano+invierno,2026-10-01T10:46:55
horacio_quiroga,2026-10-07,13.49,18.08,23.36,22.31,25.8,29.89,0.5,51.0,0.4,-0.02,uhi_verano+invierno,2026-10-01T10:46:55
horacio_quiroga,2026-10-08,14.78,18.03,20.28,23.62,27.15,30.39,2.65,,0.4,-0.02,uhi_verano+invierno,2026-10-01T10:46:55
horacio_quiroga,2026-10-09,16.58,18.68,20.48,21.3,22.65,27.36,27.0,,0.4,-0.02,uhi_verano+invierno,2026-10-01T10:46:55
horacio_quiroga,2026-10-10,15.6,17.48,19.94,21.11,24.75,28.17,2.9,,0.4,-0.02,uhi_verano+invierno,2026-10-01T10:46:55
horacio_quiroga,2026-10-11,13.58,16.53,18.37,20.64,24.05,27.6,0.2,,0.4,-0.02,uhi_verano+invierno,2026-10-01T10:46:55
horacio_quiroga,2026-10-12,12.4,15.73,19.51,20.83,24.1,28.69,0.6,,0.4,-0.02,uhi_verano+invierno,2026-10-01T10:46:55
horacio_quiroga,2026-10-13,13.28,16.98,19.46,19.83,22.7,28.88,3.0,,0.4,-0.02,uhi_verano+invierno,2026-10-01T10:46:55
horacio_quiroga,2026-10-14,13.01,17.03,19.94,19.92,24.0,28.18,1.5,,0.4,-0.02,uhi_verano+invierno,2026-10-01T10:46:55
itaembe_guazu,2026-10-01,13.45,15.93,17.12,23.72,25.0,27.09,0.0,3.0,1.0,0.13,uhi_verano+invierno,2026-10-01T10:46:55
itaembe_guazu,2026-10-02,9.14,12.88,14.02,24.21,25.5,26.98,0.0,0.0,1.0,0.13,uhi_verano+invierno,2026-10-01T10:46:55
itaembe_guazu,2026-10-03,13.05,14.73,16.03,28.51,30.55,32.2,19.8,63.0,1.0,0.13,uhi_verano+invierno,2026-10-01T10:46:55
itaembe_guazu,2026-10-04,14.94,16.43,18.6,22.83,25.4,26.7,19.1,63.0,1.0,0.13,uhi_verano+invierno,2026-10-01T10:46:55
itaembe_guazu,2026-10-05,14.53,16.83,19.02,20.61,24.4,27.78,1.55,3.0,1.0,0.13,uhi_verano+invierno,2026-10-01T10:46:55
itaembe_guazu,2026-10-06,13.24,17.13,21.39,20.72,24.8,28.3,0.0,3.0,1.0,0.13,uhi_verano+invierno,2026-10-01T10:46:55
itaembe_guazu,2026-10-07,13.64,18.23,23.51,22.91,26.4,30.49,0.5,51.0,1.0,0.13,uhi_verano+invierno,2026-10-01T10:46:55
itaembe_guazu,2026-10-08,14.93,18.18,20.43,24.22,27.75,30.99,2.65,,1.0,0.13,uhi_verano+invierno,2026-10-01T10:46:55
itaembe_guazu,2026-10-09,16.73,18.83,20.63,21.9,23.25,27.96,27.0,,1.0,0.13,uhi_verano+invierno,2026-10-01T10:46:55
itaembe_guazu,2026-10-10,15.75,17.63,20.09,21.71,25.35,28.77,2.9,,1.0,0.13,uhi_verano+invierno,2026-10-01T10:46:55
itaembe_guazu,2026-10-11,13.73,16.68,18.52,21.24,24.65,28.2,0.2,,1.0,0.13,uhi_verano+invierno,2026-10-01T10:46:55
itaembe_guazu,2026-10-12,12.55,15.88,19.66,21.43,24.7,29.29,0.6,,1.0,0.13,uhi_verano+invierno,2026-10-01T10:46:55
itaembe_guazu,2026-10-13,13.43,17.13,19.61,20.43,23.3,29.48,3.0,,1.0,0.13,uhi_verano+invierno,2026-10-01T10:46:55
itaembe_guazu,2026-10-14,13.16,17.18,20.09,20.52,24.6,28.78,1.5,,1.0,0.13,uhi_verano+invierno,2026-10-01T10:46:55
itaembe_mini,2026-10-01,13.76,16.24,17.43,23.65,24.93,27.02,0.0,3.0,0.93,0.44,uhi_verano+invierno,2026-10-01T10:46:55
itaembe_mini,2026-10-02,9.45,13.19,14.33,24.14,25.43,26.91,0.0,0.0,0.93,0.44,uhi_verano+invierno,2026-10-01T10:46:55
itaembe_mini,2026-10-03,13.36,15.04,16.34,28.44,30.48,32.13,19.8,63.0,0.93,0.44,uhi_verano+invierno,2026-10-01T10:46:55
itaembe_mini,2026-10-04,15.25,16.74,18.91,22.76,25.33,26.63,19.1,63.0,0.93,0.44,uhi_verano+invierno,2026-10-01T10:46:55
itaembe_mini,2026-10-05,14.84,17.14,19.33,20.54,24.33,27.71,1.55,3.0,0.93,0.44,uhi_verano+invierno,2026-10-01T10:46:55
itaembe_mini,2026-10-06,13.55,17.44,21.7,20.65,24.73,28.23,0.0,3.0,0.93,0.44,uhi_verano+invierno,2026-10-01T10:46:55
itaembe_mini,2026-10-07,13.95,18.54,23.82,22.84,26.33,30.42,0.5,51.0,0.93,0.44,uhi_verano+invierno,2026-10-01T10:46:55
itaembe_mini,2026-10-08,15.24,18.49,20.74,24.15,27.68,30.92,2.65,,0.93,0.44,uhi_verano+invierno,2026-10-01T10:46:55
itaembe_mini,2026-10-09,17.04,19.14,20.94,21.83,23.18,27.89,27.0,,0.93,0.44,uhi_verano+invierno,2026-10-01T10:46:55
itaembe_mini,2026-10-10,16.06,17.94,20.4,21.64,25.28,28.7,2.9,,0.93,0.44,uhi_verano+invierno,2026-10-01T10:46:55
itaembe_mini,2026-10-11,14.04,16.99,18.83,21.17,24.58,28.13,0.2,,0.93,0.44,uhi_verano+invierno,2026-10-01T10:46:55
itaembe_mini,2026-10-12,12.86,16.19,19.97,21.36,24.63,29.22,0.6,,0.93,0.44,uhi_verano+invierno,2026-10-01T10:46:55
itaembe_mini,2026-10-13,13.74,17.44,19.92,20.36,23.23,29.41,3.0,,0.93,0.44,uhi_verano+invierno,2026-10-01T10:46:55
itaembe_mini,2026-10-14,13.47,17.49,20.4,20.45,24.53,28.71,1.5,,0.93,0.44,uhi_verano+invierno,2026-10-01T10:46:55
itaembe_pora,2026-10-01,13.63,16.11,17.3,23.78,25.06,27.15,0.0,3.0,1.06,0.31,uhi_verano+invierno,2026-10-01T10:46:55
itaembe_pora,2026-10-02,9.32,13.06,14.2,24.27,25.56,27.04,0.0,0.0,1.06,0.31,uhi_verano+invierno,2026-10-01T10:46:55
itaembe_pora,2026-10-03,13.23,14.91,16.21,28.57,30.61,32.26,19.8,63.0,1.06,0.31,uhi_verano+invierno,2026-10-01T10:46:55
itaembe_pora,2026-10-04,15.12,16.61,18.78,22.89,25.46,26.76,19.1,63.0,1.06,0.31,uhi_verano+invierno,2026-10-01T10:46:55
itaembe_pora,2026-10-05,14.71,17.01,19.2,20.67,24.46,27.84,1.55,3.0,1.06,0.31,uhi_verano+invierno,2026-10-01T10:46:55
itaembe_pora,2026-10-06,13.42,17.31,21.57,20.78,24.86,28.36,0.0,3.0,1.06,0.31,uhi_verano+invierno,2026-10-01T10:46:55
itaembe_pora,2026-10-07,13.82,18.41,23.69,22.97,26.46,30.55,0.5,51.0,1.06,0.31,uhi_verano+invierno,2026-10-01T10:46:55
itaembe_pora,2026-10-08,15.11,18.36,20.61,24.28,27.81,31.05,2.65,,1.06,0.31,uhi_verano+invierno,2026-10-01T10:46:55
itaembe_pora,2026-10-09,16.91,19.01,20.81,21.96,23.31,28.02,27.0,,1.06,0.31,uhi_verano+invierno,2026-10-01T10:46:55
itaembe_pora,2026-10-10,15.93,17.81,20.27,21.77,25.41,28.83,2.9,,1.06,0.31,uhi_verano+invierno,2026-10-01T10:46:55
itaembe_pora,2026-10-11,13.91,16.86,18.7,21.3,24.71,28.26,0.2,,1.06,0.31,uhi_verano+invierno,2026-10-01T10:46:55
itaembe_pora,2026-10-12,12.73,16.06,19.84,21.49,24.76,29.35,0.6,,1.06,0.31,uhi_verano+invierno,2026-10-01T10:46:55
itaembe_pora,2026-10-13,13.61,17.31,19.79,20.49,23.36,29.54,3.0,,1.06,0.31,uhi_verano+invierno,2026-10-01T10:46:55
itaembe_pora,2026-10-14,13.34,17.36,20.27,20.58,24.66,28.84,1.5,,1.06,0.31,uhi_verano+invierno,2026-10-01T10:46:55
la_eugenia,2026-10-01,13.22,15.7,16.89,22.77,24.05,26.14,0.0,3.0,0.05,-0.1,uhi_verano+invierno,2026-10-01T10:46:55
la_eugenia,2026-10-02,8.91,12.65,13.79,23.26,24.55,26.03,0.0,0.0,0.05,-0.1,uhi_verano+invierno,2026-10-01T10:46:55
la_eugenia,2026-10-03,12.82,14.5,15.8,27.56,29.6,31.25,19.8,63.0,0.05,-0.1,uhi_verano+invierno,2026-10-01T10:46:55
la_eugenia,2026-10-04,14.71,16.2,18.37,21.88,24.45,25.75,19.1,63.0,0.05,-0.1,uhi_verano+invierno,2026-10-01T10:46:55
la_eugenia,2026-10-05,14.3,16.6,18.79,19.66,23.45,26.83,1.55,3.0,0.05,-0.1,uhi_verano+invierno,2026-10-01T10:46:55
la_eugenia,2026-10-06,13.01,16.9,21.16,19.77,23.85,27.35,0.0,3.0,0.05,-0.1,uhi_verano+invierno,2026-10-01T10:46:55
la_eugenia,2026-10-07,13.41,18.0,23.28,21.96,25.45,29.54,0.5,51.0,0.05,-0.1,uhi_verano+invierno,2026-10-01T10:46:55
la_eugenia,2026-10-08,14.7,17.95,20.2,23.27,26.8,30.04,2.65,,0.05,-0.1,uhi_verano+invierno,2026-10-01T10:46:55
la_eugenia,2026-10-09,16.5,18.6,20.4,20.95,22.3,27.01,27.0,,0.05,-0.1,uhi_verano+invierno,2026-10-01T10:46:55
la_eugenia,2026-10-10,15.52,17.4,19.86,20.76,24.4,27.82,2.9,,0.05,-0.1,uhi_verano+invierno,2026-10-01T10:46:55
la_eugenia,2026-10-11,13.5,16.45,18.29,20.29,23.7,27.25,0.2,,0.05,-0.1,uhi_verano+invierno,2026-10-01T10:46:55
la_eugenia,2026-10-12,12.32,15.65,19.43,20.48,23.75,28.34,0.6,,0.05,-0.1,uhi_verano+invierno,2026-10-01T10:46:55
la_eugenia,2026-10-13,13.2,16.9,19.38,19.48,22.35,28.53,3.0,,0.05,-0.1,uhi_verano+invierno,2026-10-01T10:46:55
la_eugenia,2026-10-14,12.93,16.95,19.86,19.57,23.65,27.83,1.5,,0.05,-0.1,uhi_verano+invierno,2026-10-01T10:46:55
las_dolores,2026-10-01,13.54,16.02,17.21,23.69,24.97,27.06,0.0,3.0,0.97,0.22,uhi_verano+invierno,2026-10-01T10:46:55
las_dolores,2026-10-02,9.23,12.97,14.11,24.18,25.47,26.95,0.0,0.0,0.97,0.22,uhi_verano+invierno,2026-10-01T10:46:55
las_dolores,2026-10-03,13.14,14.82,16.12,28.48,30.52,32.17,19.8,63.0,0.97,0.22,uhi_verano+invierno,2026-10-01T10:46:55
las_dolores,2026-10-04,15.03,16.52,18.69,22.8,25.37,26.67,19.1,63.0,0.97,0.22,uhi_verano+invierno,2026-10-01T10:46:55
las_dolores,2026-10-05,14.62,16.92,19.11,20.58,24.37,27.75,1.55,3.0,0.97,0.22,uhi_verano+invierno,2026-10-01T10:46:55
las_dolores,2026-10-06,13.33,17.22,21.48,20.69,24.77,28.27,0.0,3.0,0.97,0.22,uhi_verano+invierno,2026-10-01T10:46:55
las_dolores,2026-10-07,13.73,18.32,23.6,22.88,26.37,30.46,0.5,51.0,0.97,0.22,uhi_verano+invierno,2026-10-01T10:46:55
las_dolores,2026-10-08,15.02,18.27,20.52,24.19,27.72,30.96,2.65,,0.97,0.22,uhi_verano+invierno,2026-10-01T10:46:55
las_dolores,2026-10-09,16.82,18.92,20.72,21.87,23.22,27.93,27.0,,0.97,0.22,uhi_verano+invierno,2026-10-01T10:46:55
las_dolores,2026-10-10,15.84,17.72,20.18,21.68,25.32,28.74,2.9,,0.97,0.22,uhi_verano+invierno,2026-10-01T10:46:55
las_dolores,2026-10-11,13.82,16.77,18.61,21.21,24.62,28.17,0.2,,0.97,0.22,uhi_verano+invierno,2026-10-01T10:46:55
las_dolores,2026-10-12,12.64,15.97,19.75,21.4,24.67,29.26,0.6,,0.97,0.22,uhi_verano+invierno,2026-10-01T10:46:55
las_dolores,2026-10-13,13.52,17.22,19.7,20.4,23.27,29.45,3.0,,0.97,0.22,uhi_verano+invierno,2026-10-01T10:46:55
las_dolores,2026-10-14,13.25,17.27,20.18,20.49,24.57,28.75,1.5,,0.97,0.22,uhi_verano+invierno,2026-10-01T10:46:55
lomas_de_garupa,2026-10-01,13.42,15.9,17.09,23.67,24.95,27.04,0.0,3.0,0.95,0.1,uhi_verano+invierno,2026-10-01T10:46:55
lomas_de_garupa,2026-10-02,9.11,12.85,13.99,24.16,25.45,26.93,0.0,0.0,0.95,0.1,uhi_verano+invierno,2026-10-01T10:46:55
lomas_de_garupa,2026-10-03,13.02,14.7,16.0,28.46,30.5,32.15,19.8,63.0,0.95,0.1,uhi_verano+invierno,2026-10-01T10:46:55
lomas_de_garupa,2026-10-04,14.91,16.4,18.57,22.78,25.35,26.65,19.1,63.0,0.95,0.1,uhi_verano+invierno,2026-10-01T10:46:55
lomas_de_garupa,2026-10-05,14.5,16.8,18.99,20.56,24.35,27.73,1.55,3.0,0.95,0.1,uhi_verano+invierno,2026-10-01T10:46:55
lomas_de_garupa,2026-10-06,13.21,17.1,21.36,20.67,24.75,28.25,0.0,3.0,0.95,0.1,uhi_verano+invierno,2026-10-01T10:46:55
lomas_de_garupa,2026-10-07,13.61,18.2,23.48,22.86,26.35,30.44,0.5,51.0,0.95,0.1,uhi_verano+invierno,2026-10-01T10:46:55
lomas_de_garupa,2026-10-08,14.9,18.15,20.4,24.17,27.7,30.94,2.65,,0.95,0.1,uhi_verano+invierno,2026-10-01T10:46:55
lomas_de_garupa,2026-10-09,16.7,18.8,20.6,21.85,23.2,27.91,27.0,,0.95,0.1,uhi_verano+invierno,2026-10-01T10:46:55
lomas_de_garupa,2026-10-10,15.72,17.6,20.06,21.66,25.3,28.72,2.9,,0.95,0.1,uhi_verano+invierno,2026-10-01T10:46:55
lomas_de_garupa,2026-10-11,13.7,16.65,18.49,21.19,24.6,28.15,0.2,,0.95,0.1,uhi_verano+invierno,2026-10-01T10:46:55
lomas_de_garupa,2026-10-12,12.52,15.85,19.63,21.38,24.65,29.24,0.6,,0.95,0.1,uhi_verano+invierno,2026-10-01T10:46:55
lomas_de_garupa,2026-10-13,13.4,17.1,19.58,20.38,23.25,29.43,3.0,,0.95,0.1,uhi_verano+invierno,2026-10-01T10:46:55
lomas_de_garupa,2026-10-14,13.13,17.15,20.06,20.47,24.55,28.73,1.5,,0.95,0.1,uhi_verano+invierno,2026-10-01T10:46:55
los_patitos,2026-10-01,13.41,15.89,17.08,23.01,24.29,26.38,0.0,3.0,0.29,0.09,uhi_verano+invierno,2026-10-01T10:46:55
los_patitos,2026-10-02,9.1,12.84,13.98,23.5,24.79,26.27,0.0,0.0,0.29,0.09,uhi_verano+invierno,2026-10-01T10:46:55
los_patitos,2026-10-03,13.01,14.69,15.99,27.8,29.84,31.49,19.8,63.0,0.29,0.09,uhi_verano+invierno,2026-10-01T10:46:55
los_patitos,2026-10-04,14.9,16.39,18.56,22.12,24.69,25.99,19.1,63.0,0.29,0.09,uhi_verano+invierno,2026-10-01T10:46:55
los_patitos,2026-10-05,14.49,16.79,18.98,19.9,23.69,27.07,1.55,3.0,0.29,0.09,uhi_verano+invierno,2026-10-01T10:46:55
los_patitos,2026-10-06,13.2,17.09,21.35,20.01,24.09,27.59,0.0,3.0,0.29,0.09,uhi_verano+invierno,2026-10-01T10:46:55
los_patitos,2026-10-07,13.6,18.19,23.47,22.2,25.69,29.78,0.5,51.0,0.29,0.09,uhi_verano+invierno,2026-10-01T10:46:55
los_patitos,2026-10-08,14.89,18.14,20.39,23.51,27.04,30.28,2.65,,0.29,0.09,uhi_verano+invierno,2026-10-01T10:46:55
los_patitos,2026-10-09,16.69,18.79,20.59,21.19,22.54,27.25,27.0,,0.29,0.09,uhi_verano+invierno,2026-10-01T10:46:55
los_patitos,2026-10-10,15.71,17.59,20.05,21.0,24.64,28.06,2.9,,0.29,0.09,uhi_verano+invierno,2026-10-01T10:46:55
los_patitos,2026-10-11,13.69,16.64,18.48,20.53,23.94,27.49,0.2,,0.29,0.09,uhi_verano+invierno,2026-10-01T10:46:55
los_patitos,2026-10-12,12.51,15.84,19.62,20.72,23.99,28.58,0.6,,0.29,0.09,uhi_verano+invierno,2026-10-01T10:46:55
los_patitos,2026-10-13,13.39,17.09,19.57,19.72,22.59,28.77,3.0,,0.29,0.09,uhi_verano+invierno,2026-10-01T10:46:55
los_patitos,2026-10-14,13.12,17.14,20.05,19.81,23.89,28.07,1.5,,0.29,0.09,uhi_verano+invierno,2026-10-01T10:46:55
luis_piedrabuena,2026-10-01,13.65,16.13,17.32,23.58,24.86,26.95,0.0,3.0,0.86,0.33,uhi_verano+invierno,2026-10-01T10:46:55
luis_piedrabuena,2026-10-02,9.34,13.08,14.22,24.07,25.36,26.84,0.0,0.0,0.86,0.33,uhi_verano+invierno,2026-10-01T10:46:55
luis_piedrabuena,2026-10-03,13.25,14.93,16.23,28.37,30.41,32.06,19.8,63.0,0.86,0.33,uhi_verano+invierno,2026-10-01T10:46:55
luis_piedrabuena,2026-10-04,15.14,16.63,18.8,22.69,25.26,26.56,19.1,63.0,0.86,0.33,uhi_verano+invierno,2026-10-01T10:46:55
luis_piedrabuena,2026-10-05,14.73,17.03,19.22,20.47,24.26,27.64,1.55,3.0,0.86,0.33,uhi_verano+invierno,2026-10-01T10:46:55
luis_piedrabuena,2026-10-06,13.44,17.33,21.59,20.58,24.66,28.16,0.0,3.0,0.86,0.33,uhi_verano+invierno,2026-10-01T10:46:55
luis_piedrabuena,2026-10-07,13.84,18.43,23.71,22.77,26.26,30.35,0.5,51.0,0.86,0.33,uhi_verano+invierno,2026-10-01T10:46:55
luis_piedrabuena,2026-10-08,15.13,18.38,20.63,24.08,27.61,30.85,2.65,,0.86,0.33,uhi_verano+invierno,2026-10-01T10:46:55
luis_piedrabuena,2026-10-09,16.93,19.03,20.83,21.76,23.11,27.82,27.0,,0.86,0.33,uhi_verano+invierno,2026-10-01T10:46:55
luis_piedrabuena,2026-10-10,15.95,17.83,20.29,21.57,25.21,28.63,2.9,,0.86,0.33,uhi_verano+invierno,2026-10-01T10:46:55
luis_piedrabuena,2026-10-11,13.93,16.88,18.72,21.1,24.51,28.06,0.2,,0.86,0.33,uhi_verano+invierno,2026-10-01T10:46:55
luis_piedrabuena,2026-10-12,12.75,16.08,19.86,21.29,24.56,29.15,0.6,,0.86,0.33,uhi_verano+invierno,2026-10-01T10:46:55
luis_piedrabuena,2026-10-13,13.63,17.33,19.81,20.29,23.16,29.34,3.0,,0.86,0.33,uhi_verano+invierno,2026-10-01T10:46:55
luis_piedrabuena,2026-10-14,13.36,17.38,20.29,20.38,24.46,28.64,1.5,,0.86,0.33,uhi_verano+invierno,2026-10-01T10:46:55
malvinas,2026-10-01,13.32,15.8,16.99,22.72,24.0,26.09,0.0,3.0,0.0,0.0,ninguno,2026-10-01T10:46:55
malvinas,2026-10-02,9.01,12.75,13.89,23.21,24.5,25.98,0.0,0.0,0.0,0.0,ninguno,2026-10-01T10:46:55
malvinas,2026-10-03,12.92,14.6,15.9,27.51,29.55,31.2,19.8,63.0,0.0,0.0,ninguno,2026-10-01T10:46:55
malvinas,2026-10-04,14.81,16.3,18.47,21.83,24.4,25.7,19.1,63.0,0.0,0.0,ninguno,2026-10-01T10:46:55
malvinas,2026-10-05,14.4,16.7,18.89,19.61,23.4,26.78,1.55,3.0,0.0,0.0,ninguno,2026-10-01T10:46:55
malvinas,2026-10-06,13.11,17.0,21.26,19.72,23.8,27.3,0.0,3.0,0.0,0.0,ninguno,2026-10-01T10:46:55
malvinas,2026-10-07,13.51,18.1,23.38,21.91,25.4,29.49,0.5,51.0,0.0,0.0,ninguno,2026-10-01T10:46:55
malvinas,2026-10-08,14.8,18.05,20.3,23.22,26.75,29.99,2.65,,0.0,0.0,ninguno,2026-10-01T10:46:55
malvinas,2026-10-09,16.6,18.7,20.5,20.9,22.25,26.96,27.0,,0.0,0.0,ninguno,2026-10-01T10:46:55
malvinas,2026-10-10,15.62,17.5,19.96,20.71,24.35,27.77,2.9,,0.0,0.0,ninguno,2026-10-01T10:46:55
malvinas,2026-10-11,13.6,16.55,18.39,20.24,23.65,27.2,0.2,,0.0,0.0,ninguno,2026-10-01T10:46:55
malvinas,2026-10-12,12.42,15.75,19.53,20.43,23.7,28.29,0.6,,0.0,0.0,ninguno,2026-10-01T10:46:55
malvinas,2026-10-13,13.3,17.0,19.48,19.43,22.3,28.48,3.0,,0.0,0.0,ninguno,2026-10-01T10:46:55
malvinas,2026-10-14,13.03,17.05,19.96,19.52,23.6,27.78,1.5,,0.0,0.0,ninguno,2026-10-01T10:46:55
miguel_lanus,2026-10-01,13.51,15.99,17.18,23.67,24.95,27.04,0.0,3.0,0.95,0.19,uhi_verano+invierno,2026-10-01T10:46:55
miguel_lanus,2026-10-02,9.2,12.94,14.08,24.16,25.45,26.93,0.0,0.0,0.95,0.19,uhi_verano+invierno,2026-10-01T10:46:55
miguel_lanus,2026-10-03,13.11,14.79,16.09,28.46,30.5,32.15,19.8,63.0,0.95,0.19,uhi_verano+invierno,2026-10-01T10:46:55
miguel_lanus,2026-10-04,15.0,16.49,18.66,22.78,25.35,26.65,19.1,63.0,0.95,0.19,uhi_verano+invierno,2026-10-01T10:46:55
miguel_lanus,2026-10-05,14.59,16.89,19.08,20.56,24.35,27.73,1.55,3.0,0.95,0.19,uhi_verano+invierno,2026-10-01T10:46:55
miguel_lanus,2026-10-06,13.3,17.19,21.45,20.67,24.75,28.25,0.0,3.0,0.95,0.19,uhi_verano+invierno,2026-10-01T10:46:55
miguel_lanus,2026-10-07,13.7,18.29,23.57,22.86,26.35,30.44,0.5,51.0,0.95,0.19,uhi_verano+invierno,2026-10-01T10:46:55
miguel_lanus,2026-10-08,14.99,18.24,20.49,24.17,27.7,30.94,2.65,,0.95,0.19,uhi_verano+invierno,2026-10-01T10:46:55
miguel_lanus,2026-10-09,16.79,18.89,20.69,21.85,23.2,27.91,27.0,,0.95,0.19,uhi_verano+invierno,2026-10-01T10:46:55
miguel_lanus,2026-10-10,15.81,17.69,20.15,21.66,25.3,28.72,2.9,,0.95,0.19,uhi_verano+invierno,2026-10-01T10:46:55
miguel_lanus,2026-10-11,13.79,16.74,18.58,21.19,24.6,28.15,0.2,,0.95,0.19,uhi_verano+invierno,2026-10-01T10:46:55
miguel_lanus,2026-10-12,12.61,15.94,19.72,21.38,24.65,29.24,0.6,,0.95,0.19,uhi_verano+invierno,2026-10-01T10:46:55
miguel_lanus,2026-10-13,13.49,17.19,19.67,20.38,23.25,29.43,3.0,,0.95,0.19,uhi_verano+invierno,2026-10-01T10:46:55
miguel_lanus,2026-10-14,13.22,17.24,20.15,20.47,24.55,28.73,1.5,,0.95,0.19,uhi_verano+invierno,2026-10-01T10:46:55
monsenor_kemerer,2026-10-01,13.6,16.08,17.27,23.79,25.07,27.16,0.0,3.0,1.07,0.28,uhi_verano+invierno,2026-10-01T10:46:55
monsenor_kemerer,2026-10-02,9.29,13.03,14.17,24.28,25.57,27.05,0.0,0.0,1.07,0.28,uhi_verano+invierno,2026-10-01T10:46:55
monsenor_kemerer,2026-10-03,13.2,14.88,16.18,28.58,30.62,32.27,19.8,63.0,1.07,0.28,uhi_verano+invierno,2026-10-01T10:46:55
monsenor_kemerer,2026-10-04,15.09,16.58,18.75,22.9,25.47,26.77,19.1,63.0,1.07,0.28,uhi_verano+invierno,2026-10-01T10:46:55
monsenor_kemerer,2026-10-05,14.68,16.98,19.17,20.68,24.47,27.85,1.55,3.0,1.07,0.28,uhi_verano+invierno,2026-10-01T10:46:55
monsenor_kemerer,2026-10-06,13.39,17.28,21.54,20.79,24.87,28.37,0.0,3.0,1.07,0.28,uhi_verano+invierno,2026-10-01T10:46:55
monsenor_kemerer,2026-10-07,13.79,18.38,23.66,22.98,26.47,30.56,0.5,51.0,1.07,0.28,uhi_verano+invierno,2026-10-01T10:46:55
monsenor_kemerer,2026-10-08,15.08,18.33,20.58,24.29,27.82,31.06,2.65,,1.07,0.28,uhi_verano+invierno,2026-10-01T10:46:55
monsenor_kemerer,2026-10-09,16.88,18.98,20.78,21.97,23.32,28.03,27.0,,1.07,0.28,uhi_verano+invierno,2026-10-01T10:46:55
monsenor_kemerer,2026-10-10,15.9,17.78,20.24,21.78,25.42,28.84,2.9,,1.07,0.28,uhi_verano+invierno,2026-10-01T10:46:55
monsenor_kemerer,2026-10-11,13.88,16.83,18.67,21.31,24.72,28.27,0.2,,1.07,0.28,uhi_verano+invierno,2026-10-01T10:46:55
monsenor_kemerer,2026-10-12,12.7,16.03,19.81,21.5,24.77,29.36,0.6,,1.07,0.28,uhi_verano+invierno,2026-10-01T10:46:55
monsenor_kemerer,2026-10-13,13.58,17.28,19.76,20.5,23.37,29.55,3.0,,1.07,0.28,uhi_verano+invierno,2026-10-01T10:46:55
monsenor_kemerer,2026-10-14,13.31,17.33,20.24,20.59,24.67,28.85,1.5,,1.07,0.28,uhi_verano+invierno,2026-10-01T10:46:55
nemesio_parma,2026-10-01,13.42,15.9,17.09,21.93,23.21,25.3,0.0,3.0,-0.79,0.1,uhi_verano+invierno,2026-10-01T10:46:55
nemesio_parma,2026-10-02,9.11,12.85,13.99,22.42,23.71,25.19,0.0,0.0,-0.79,0.1,uhi_verano+invierno,2026-10-01T10:46:55
nemesio_parma,2026-10-03,13.02,14.7,16.0,26.72,28.76,30.41,19.8,63.0,-0.79,0.1,uhi_verano+invierno,2026-10-01T10:46:55
nemesio_parma,2026-10-04,14.91,16.4,18.57,21.04,23.61,24.91,19.1,63.0,-0.79,0.1,uhi_verano+invierno,2026-10-01T10:46:55
nemesio_parma,2026-10-05,14.5,16.8,18.99,18.82,22.61,25.99,1.55,3.0,-0.79,0.1,uhi_verano+invierno,2026-10-01T10:46:55
nemesio_parma,2026-10-06,13.21,17.1,21.36,18.93,23.01,26.51,0.0,3.0,-0.79,0.1,uhi_verano+invierno,2026-10-01T10:46:55
nemesio_parma,2026-10-07,13.61,18.2,23.48,21.12,24.61,28.7,0.5,51.0,-0.79,0.1,uhi_verano+invierno,2026-10-01T10:46:55
nemesio_parma,2026-10-08,14.9,18.15,20.4,22.43,25.96,29.2,2.65,,-0.79,0.1,uhi_verano+invierno,2026-10-01T10:46:55
nemesio_parma,2026-10-09,16.7,18.8,20.6,20.11,21.46,26.17,27.0,,-0.79,0.1,uhi_verano+invierno,2026-10-01T10:46:55
nemesio_parma,2026-10-10,15.72,17.6,20.06,19.92,23.56,26.98,2.9,,-0.79,0.1,uhi_verano+invierno,2026-10-01T10:46:55
nemesio_parma,2026-10-11,13.7,16.65,18.49,19.45,22.86,26.41,0.2,,-0.79,0.1,uhi_verano+invierno,2026-10-01T10:46:55
nemesio_parma,2026-10-12,12.52,15.85,19.63,19.64,22.91,27.5,0.6,,-0.79,0.1,uhi_verano+invierno,2026-10-01T10:46:55
nemesio_parma,2026-10-13,13.4,17.1,19.58,18.64,21.51,27.69,3.0,,-0.79,0.1,uhi_verano+invierno,2026-10-01T10:46:55
nemesio_parma,2026-10-14,13.13,17.15,20.06,18.73,22.81,26.99,1.5,,-0.79,0.1,uhi_verano+invierno,2026-10-01T10:46:55
norte,2026-10-01,13.18,15.66,16.85,22.48,23.76,25.85,0.0,3.0,-0.24,-0.14,uhi_verano+invierno,2026-10-01T10:46:55
norte,2026-10-02,8.87,12.61,13.75,22.97,24.26,25.74,0.0,0.0,-0.24,-0.14,uhi_verano+invierno,2026-10-01T10:46:55
norte,2026-10-03,12.78,14.46,15.76,27.27,29.31,30.96,19.8,63.0,-0.24,-0.14,uhi_verano+invierno,2026-10-01T10:46:55
norte,2026-10-04,14.67,16.16,18.33,21.59,24.16,25.46,19.1,63.0,-0.24,-0.14,uhi_verano+invierno,2026-10-01T10:46:55
norte,2026-10-05,14.26,16.56,18.75,19.37,23.16,26.54,1.55,3.0,-0.24,-0.14,uhi_verano+invierno,2026-10-01T10:46:55
norte,2026-10-06,12.97,16.86,21.12,19.48,23.56,27.06,0.0,3.0,-0.24,-0.14,uhi_verano+invierno,2026-10-01T10:46:55
norte,2026-10-07,13.37,17.96,23.24,21.67,25.16,29.25,0.5,51.0,-0.24,-0.14,uhi_verano+invierno,2026-10-01T10:46:55
norte,2026-10-08,14.66,17.91,20.16,22.98,26.51,29.75,2.65,,-0.24,-0.14,uhi_verano+invierno,2026-10-01T10:46:55
norte,2026-10-09,16.46,18.56,20.36,20.66,22.01,26.72,27.0,,-0.24,-0.14,uhi_verano+invierno,2026-10-01T10:46:55
norte,2026-10-10,15.48,17.36,19.82,20.47,24.11,27.53,2.9,,-0.24,-0.14,uhi_verano+invierno,2026-10-01T10:46:55
norte,2026-10-11,13.46,16.41,18.25,20.0,23.41,26.96,0.2,,-0.24,-0.14,uhi_verano+invierno,2026-10-01T10:46:55
norte,2026-10-12,12.28,15.61,19.39,20.19,23.46,28.05,0.6,,-0.24,-0.14,uhi_verano+invierno,2026-10-01T10:46:55
norte,2026-10-13,13.16,16.86,19.34,19.19,22.06,28.24,3.0,,-0.24,-0.14,uhi_verano+invierno,2026-10-01T10:46:55
norte,2026-10-14,12.89,16.91,19.82,19.28,23.36,27.54,1.5,,-0.24,-0.14,uhi_verano+invierno,2026-10-01T10:46:55
nu_pora,2026-10-01,13.43,15.91,17.1,23.77,25.05,27.14,0.0,3.0,1.05,0.11,uhi_verano+invierno,2026-10-01T10:46:55
nu_pora,2026-10-02,9.12,12.86,14.0,24.26,25.55,27.03,0.0,0.0,1.05,0.11,uhi_verano+invierno,2026-10-01T10:46:55
nu_pora,2026-10-03,13.03,14.71,16.01,28.56,30.6,32.25,19.8,63.0,1.05,0.11,uhi_verano+invierno,2026-10-01T10:46:55
nu_pora,2026-10-04,14.92,16.41,18.58,22.88,25.45,26.75,19.1,63.0,1.05,0.11,uhi_verano+invierno,2026-10-01T10:46:55
nu_pora,2026-10-05,14.51,16.81,19.0,20.66,24.45,27.83,1.55,3.0,1.05,0.11,uhi_verano+invierno,2026-10-01T10:46:55
nu_pora,2026-10-06,13.22,17.11,21.37,20.77,24.85,28.35,0.0,3.0,1.05,0.11,uhi_verano+invierno,2026-10-01T10:46:55
nu_pora,2026-10-07,13.62,18.21,23.49,22.96,26.45,30.54,0.5,51.0,1.05,0.11,uhi_verano+invierno,2026-10-01T10:46:55
nu_pora,2026-10-08,14.91,18.16,20.41,24.27,27.8,31.04,2.65,,1.05,0.11,uhi_verano+invierno,2026-10-01T10:46:55
nu_pora,2026-10-09,16.71,18.81,20.61,21.95,23.3,28.01,27.0,,1.05,0.11,uhi_verano+invierno,2026-10-01T10:46:55
nu_pora,2026-10-10,15.73,17.61,20.07,21.76,25.4,28.82,2.9,,1.05,0.11,uhi_verano+invierno,2026-10-01T10:46:55
nu_pora,2026-10-11,13.71,16.66,18.5,21.29,24.7,28.25,0.2,,1.05,0.11,uhi_verano+invierno,2026-10-01T10:46:55
nu_pora,2026-10-12,12.53,15.86,19.64,21.48,24.75,29.34,0.6,,1.05,0.11,uhi_verano+invierno,2026-10-01T10:46:55
nu_pora,2026-10-13,13.41,17.11,19.59,20.48,23.35,29.53,3.0,,1.05,0.11,uhi_verano+invierno,2026-10-01T10:46:55
nu_pora,2026-10-14,13.14,17.16,20.07,20.57,24.65,28.83,1.5,,1.05,0.11,uhi_verano+invierno,2026-10-01T10:46:55
porvenir_2,2026-10-01,13.32,15.8,16.99,22.66,23.94,26.03,0.0,3.0,-0.06,-0.0,uhi_verano+invierno,2026-10-01T10:46:55
porvenir_2,2026-10-02,9.01,12.75,13.89,23.15,24.44,25.92,0.0,0.0,-0.06,-0.0,uhi_verano+invierno,2026-10-01T10:46:55
porvenir_2,2026-10-03,12.92,14.6,15.9,27.45,29.49,31.14,19.8,63.0,-0.06,-0.0,uhi_verano+invierno,2026-10-01T10:46:55
porvenir_2,2026-10-04,14.81,16.3,18.47,21.77,24.34,25.64,19.1,63.0,-0.06,-0.0,uhi_verano+invierno,2026-10-01T10:46:55
porvenir_2,2026-10-05,14.4,16.7,18.89,19.55,23.34,26.72,1.55,3.0,-0.06,-0.0,uhi_verano+invierno,2026-10-01T10:46:55
porvenir_2,2026-10-06,13.11,17.0,21.26,19.66,23.74,27.24,0.0,3.0,-0.06,-0.0,uhi_verano+invierno,2026-10-01T10:46:55
porvenir_2,2026-10-07,13.51,18.1,23.38,21.85,25.34,29.43,0.5,51.0,-0.06,-0.0,uhi_verano+invierno,2026-10-01T10:46:55
porvenir_2,2026-10-08,14.8,18.05,20.3,23.16,26.69,29.93,2.65,,-0.06,-0.0,uhi_verano+invierno,2026-10-01T10:46:55
porvenir_2,2026-10-09,16.6,18.7,20.5,20.84,22.19,26.9,27.0,,-0.06,-0.0,uhi_verano+invierno,2026-10-01T10:46:55
porvenir_2,2026-10-10,15.62,17.5,19.96,20.65,24.29,27.71,2.9,,-0.06,-0.0,uhi_verano+invierno,2026-10-01T10:46:55
porvenir_2,2026-10-11,13.6,16.55,18.39,20.18,23.59,27.14,0.2,,-0.06,-0.0,uhi_verano+invierno,2026-10-01T10:46:55
porvenir_2,2026-10-12,12.42,15.75,19.53,20.37,23.64,28.23,0.6,,-0.06,-0.0,uhi_verano+invierno,2026-10-01T10:46:55
porvenir_2,2026-10-13,13.3,17.0,19.48,19.37,22.24,28.42,3.0,,-0.06,-0.0,uhi_verano+invierno,2026-10-01T10:46:55
porvenir_2,2026-10-14,13.03,17.05,19.96,19.46,23.54,27.72,1.5,,-0.06,-0.0,uhi_verano+invierno,2026-10-01T10:46:55
puerto_canela,2026-10-01,13.55,16.03,17.22,23.0,24.28,26.37,0.0,3.0,0.28,0.23,uhi_verano+invierno,2026-10-01T10:46:55
puerto_canela,2026-10-02,9.24,12.98,14.12,23.49,24.78,26.26,0.0,0.0,0.28,0.23,uhi_verano+invierno,2026-10-01T10:46:55
puerto_canela,2026-10-03,13.15,14.83,16.13,27.79,29.83,31.48,19.8,63.0,0.28,0.23,uhi_verano+invierno,2026-10-01T10:46:55
puerto_canela,2026-10-04,15.04,16.53,18.7,22.11,24.68,25.98,19.1,63.0,0.28,0.23,uhi_verano+invierno,2026-10-01T10:46:55
puerto_canela,2026-10-05,14.63,16.93,19.12,19.89,23.68,27.06,1.55,3.0,0.28,0.23,uhi_verano+invierno,2026-10-01T10:46:55
puerto_canela,2026-10-06,13.34,17.23,21.49,20.0,24.08,27.58,0.0,3.0,0.28,0.23,uhi_verano+invierno,2026-10-01T10:46:55
puerto_canela,2026-10-07,13.74,18.33,23.61,22.19,25.68,29.77,0.5,51.0,0.28,0.23,uhi_verano+invierno,2026-10-01T10:46:55
puerto_canela,2026-10-08,15.03,18.28,20.53,23.5,27.03,30.27,2.65,,0.28,0.23,uhi_verano+invierno,2026-10-01T10:46:55
puerto_canela,2026-10-09,16.83,18.93,20.73,21.18,22.53,27.24,27.0,,0.28,0.23,uhi_verano+invierno,2026-10-01T10:46:55
puerto_canela,2026-10-10,15.85,17.73,20.19,20.99,24.63,28.05,2.9,,0.28,0.23,uhi_verano+invierno,2026-10-01T10:46:55
puerto_canela,2026-10-11,13.83,16.78,18.62,20.52,23.93,27.48,0.2,,0.28,0.23,uhi_verano+invierno,2026-10-01T10:46:55
puerto_canela,2026-10-12,12.65,15.98,19.76,20.71,23.98,28.57,0.6,,0.28,0.23,uhi_verano+invierno,2026-10-01T10:46:55
puerto_canela,2026-10-13,13.53,17.23,19.71,19.71,22.58,28.76,3.0,,0.28,0.23,uhi_verano+invierno,2026-10-01T10:46:55
puerto_canela,2026-10-14,13.26,17.28,20.19,19.8,23.88,28.06,1.5,,0.28,0.23,uhi_verano+invierno,2026-10-01T10:46:55
rocamora,2026-10-01,13.54,16.02,17.21,24.3,25.58,27.67,0.0,3.0,1.58,0.22,uhi_verano+invierno,2026-10-01T10:46:55
rocamora,2026-10-02,9.23,12.97,14.11,24.79,26.08,27.56,0.0,0.0,1.58,0.22,uhi_verano+invierno,2026-10-01T10:46:55
rocamora,2026-10-03,13.14,14.82,16.12,29.09,31.13,32.78,19.8,63.0,1.58,0.22,uhi_verano+invierno,2026-10-01T10:46:55
rocamora,2026-10-04,15.03,16.52,18.69,23.41,25.98,27.28,19.1,63.0,1.58,0.22,uhi_verano+invierno,2026-10-01T10:46:55
rocamora,2026-10-05,14.62,16.92,19.11,21.19,24.98,28.36,1.55,3.0,1.58,0.22,uhi_verano+invierno,2026-10-01T10:46:55
rocamora,2026-10-06,13.33,17.22,21.48,21.3,25.38,28.88,0.0,3.0,1.58,0.22,uhi_verano+invierno,2026-10-01T10:46:55
rocamora,2026-10-07,13.73,18.32,23.6,23.49,26.98,31.07,0.5,51.0,1.58,0.22,uhi_verano+invierno,2026-10-01T10:46:55
rocamora,2026-10-08,15.02,18.27,20.52,24.8,28.33,31.57,2.65,,1.58,0.22,uhi_verano+invierno,2026-10-01T10:46:55
rocamora,2026-10-09,16.82,18.92,20.72,22.48,23.83,28.54,27.0,,1.58,0.22,uhi_verano+invierno,2026-10-01T10:46:55
rocamora,2026-10-10,15.84,17.72,20.18,22.29,25.93,29.35,2.9,,1.58,0.22,uhi_verano+invierno,2026-10-01T10:46:55
rocamora,2026-10-11,13.82,16.77,18.61,21.82,25.23,28.78,0.2,,1.58,0.22,uhi_verano+invierno,2026-10-01T10:46:55
rocamora,2026-10-12,12.64,15.97,19.75,22.01,25.28,29.87,0.6,,1.58,0.22,uhi_verano+invierno,2026-10-01T10:46:55
rocamora,2026-10-13,13.52,17.22,19.7,21.01,23.88,30.06,3.0,,1.58,0.22,uhi_verano+invierno,2026-10-01T10:46:55
rocamora,2026-10-14,13.25,17.27,20.18,21.1,25.18,29.36,1.5,,1.58,0.22,uhi_verano+invierno,2026-10-01T10:46:55
san_isidro,2026-10-01,13.73,16.21,17.4,24.66,25.94,28.03,0.0,3.0,1.94,0.41,uhi_verano+invierno,2026-10-01T10:46:55
san_isidro,2026-10-02,9.42,13.16,14.3,25.15,26.44,27.92,0.0,0.0,1.94,0.41,uhi_verano+invierno,2026-10-01T10:46:55
san_isidro,2026-10-03,13.33,15.01,16.31,29.45,31.49,33.14,19.8,63.0,1.94,0.41,uhi_verano+invierno,2026-10-01T10:46:55
san_isidro,2026-10-04,15.22,16.71,18.88,23.77,26.34,27.64,19.1,63.0,1.94,0.41,uhi_verano+invierno,2026-10-01T10:46:55
san_isidro,2026-10-05,14.81,17.11,19.3,21.55,25.34,28.72,1.55,3.0,1.94,0.41,uhi_verano+invierno,2026-10-01T10:46:55
san_isidro,2026-10-06,13.52,17.41,21.67,21.66,25.74,29.24,0.0,3.0,1.94,0.41,uhi_verano+invierno,2026-10-01T10:46:55
san_isidro,2026-10-07,13.92,18.51,23.79,23.85,27.34,31.43,0.5,51.0,1.94,0.41,uhi_verano+invierno,2026-10-01T10:46:55
san_isidro,2026-10-08,15.21,18.46,20.71,25.16,28.69,31.93,2.65,,1.94,0.41,uhi_verano+invierno,2026-10-01T10:46:55
san_isidro,2026-10-09,17.01,19.11,20.91,22.84,24.19,28.9,27.0,,1.94,0.41,uhi_verano+invierno,2026-10-01T10:46:55
san_isidro,2026-10-10,16.03,17.91,20.37,22.65,26.29,29.71,2.9,,1.94,0.41,uhi_verano+invierno,2026-10-01T10:46:55
san_isidro,2026-10-11,14.01,16.96,18.8,22.18,25.59,29.14,0.2,,1.94,0.41,uhi_verano+invierno,2026-10-01T10:46:55
san_isidro,2026-10-12,12.83,16.16,19.94,22.37,25.64,30.23,0.6,,1.94,0.41,uhi_verano+invierno,2026-10-01T10:46:55
san_isidro,2026-10-13,13.71,17.41,19.89,21.37,24.24,30.42,3.0,,1.94,0.41,uhi_verano+invierno,2026-10-01T10:46:55
san_isidro,2026-10-14,13.44,17.46,20.37,21.46,25.54,29.72,1.5,,1.94,0.41,uhi_verano+invierno,2026-10-01T10:46:55
san_jorge,2026-10-01,13.32,15.8,16.99,22.72,24.0,26.09,0.0,3.0,0.0,0.0,ninguno,2026-10-01T10:46:55
san_jorge,2026-10-02,9.01,12.75,13.89,23.21,24.5,25.98,0.0,0.0,0.0,0.0,ninguno,2026-10-01T10:46:55
san_jorge,2026-10-03,12.92,14.6,15.9,27.51,29.55,31.2,19.8,63.0,0.0,0.0,ninguno,2026-10-01T10:46:55
san_jorge,2026-10-04,14.81,16.3,18.47,21.83,24.4,25.7,19.1,63.0,0.0,0.0,ninguno,2026-10-01T10:46:55
san_jorge,2026-10-05,14.4,16.7,18.89,19.61,23.4,26.78,1.55,3.0,0.0,0.0,ninguno,2026-10-01T10:46:55
san_jorge,2026-10-06,13.11,17.0,21.26,19.72,23.8,27.3,0.0,3.0,0.0,0.0,ninguno,2026-10-01T10:46:55
san_jorge,2026-10-07,13.51,18.1,23.38,21.91,25.4,29.49,0.5,51.0,0.0,0.0,ninguno,2026-10-01T10:46:55
san_jorge,2026-10-08,14.8,18.05,20.3,23.22,26.75,29.99,2.65,,0.0,0.0,ninguno,2026-10-01T10:46:55
san_jorge,2026-10-09,16.6,18.7,20.5,20.9,22.25,26.96,27.0,,0.0,0.0,ninguno,2026-10-01T10:46:55
san_jorge,2026-10-10,15.62,17.5,19.96,20.71,24.35,27.77,2.9,,0.0,0.0,ninguno,2026-10-01T10:46:55
san_jorge,2026-10-11,13.6,16.55,18.39,20.24,23.65,27.2,0.2,,0.0,0.0,ninguno,2026-10-01T10:46:55
san_jorge,2026-10-12,12.42,15.75,19.53,20.43,23.7,28.29,0.6,,0.0,0.0,ninguno,2026-10-01T10:46:55
san_jorge,2026-10-13,13.3,17.0,19.48,19.43,22.3,28.48,3.0,,0.0,0.0,ninguno,2026-10-01T10:46:55
san_jorge,2026-10-14,13.03,17.05,19.96,19.52,23.6,27.78,1.5,,0.0,0.0,ninguno,2026-10-01T10:46:55
san_lucas,2026-10-01,13.46,15.94,17.13,23.68,24.96,27.05,0.0,3.0,0.96,0.14,uhi_verano+invierno,2026-10-01T10:46:55
san_lucas,2026-10-02,9.15,12.89,14.03,24.17,25.46,26.94,0.0,0.0,0.96,0.14,uhi_verano+invierno,2026-10-01T10:46:55
san_lucas,2026-10-03,13.06,14.74,16.04,28.47,30.51,32.16,19.8,63.0,0.96,0.14,uhi_verano+invierno,2026-10-01T10:46:55
san_lucas,2026-10-04,14.95,16.44,18.61,22.79,25.36,26.66,19.1,63.0,0.96,0.14,uhi_verano+invierno,2026-10-01T10:46:55
san_lucas,2026-10-05,14.54,16.84,19.03,20.57,24.36,27.74,1.55,3.0,0.96,0.14,uhi_verano+invierno,2026-10-01T10:46:55
san_lucas,2026-10-06,13.25,17.14,21.4,20.68,24.76,28.26,0.0,3.0,0.96,0.14,uhi_verano+invierno,2026-10-01T10:46:55
san_lucas,2026-10-07,13.65,18.24,23.52,22.87,26.36,30.45,0.5,51.0,0.96,0.14,uhi_verano+invierno,2026-10-01T10:46:55
san_lucas,2026-10-08,14.94,18.19,20.44,24.18,27.71,30.95,2.65,,0.96,0.14,uhi_verano+invierno,2026-10-01T10:46:55
san_lucas,2026-10-09,16.74,18.84,20.64,21.86,23.21,27.92,27.0,,0.96,0.14,uhi_verano+invierno,2026-10-01T10:46:55
san_lucas,2026-10-10,15.76,17.64,20.1,21.67,25.31,28.73,2.9,,0.96,0.14,uhi_verano+invierno,2026-10-01T10:46:55
san_lucas,2026-10-11,13.74,16.69,18.53,21.2,24.61,28.16,0.2,,0.96,0.14,uhi_verano+invierno,2026-10-01T10:46:55
san_lucas,2026-10-12,12.56,15.89,19.67,21.39,24.66,29.25,0.6,,0.96,0.14,uhi_verano+invierno,2026-10-01T10:46:55
san_lucas,2026-10-13,13.44,17.14,19.62,20.39,23.26,29.44,3.0,,0.96,0.14,uhi_verano+invierno,2026-10-01T10:46:55
san_lucas,2026-10-14,13.17,17.19,20.1,20.48,24.56,28.74,1.5,,0.96,0.14,uhi_verano+invierno,2026-10-01T10:46:55
san_marcos,2026-10-01,13.31,15.79,16.98,23.33,24.61,26.7,0.0,3.0,0.61,-0.01,uhi_verano+invierno,2026-10-01T10:46:55
san_marcos,2026-10-02,9.0,12.74,13.88,23.82,25.11,26.59,0.0,0.0,0.61,-0.01,uhi_verano+invierno,2026-10-01T10:46:55
san_marcos,2026-10-03,12.91,14.59,15.89,28.12,30.16,31.81,19.8,63.0,0.61,-0.01,uhi_verano+invierno,2026-10-01T10:46:55
san_marcos,2026-10-04,14.8,16.29,18.46,22.44,25.01,26.31,19.1,63.0,0.61,-0.01,uhi_verano+invierno,2026-10-01T10:46:55
san_marcos,2026-10-05,14.39,16.69,18.88,20.22,24.01,27.39,1.55,3.0,0.61,-0.01,uhi_verano+invierno,2026-10-01T10:46:55
san_marcos,2026-10-06,13.1,16.99,21.25,20.33,24.41,27.91,0.0,3.0,0.61,-0.01,uhi_verano+invierno,2026-10-01T10:46:55
san_marcos,2026-10-07,13.5,18.09,23.37,22.52,26.01,30.1,0.5,51.0,0.61,-0.01,uhi_verano+invierno,2026-10-01T10:46:55
san_marcos,2026-10-08,14.79,18.04,20.29,23.83,27.36,30.6,2.65,,0.61,-0.01,uhi_verano+invierno,2026-10-01T10:46:55
san_marcos,2026-10-09,16.59,18.69,20.49,21.51,22.86,27.57,27.0,,0.61,-0.01,uhi_verano+invierno,2026-10-01T10:46:55
san_marcos,2026-10-10,15.61,17.49,19.95,21.32,24.96,28.38,2.9,,0.61,-0.01,uhi_verano+invierno,2026-10-01T10:46:55
san_marcos,2026-10-11,13.59,16.54,18.38,20.85,24.26,27.81,0.2,,0.61,-0.01,uhi_verano+invierno,2026-10-01T10:46:55
san_marcos,2026-10-12,12.41,15.74,19.52,21.04,24.31,28.9,0.6,,0.61,-0.01,uhi_verano+invierno,2026-10-01T10:46:55
san_marcos,2026-10-13,13.29,16.99,19.47,20.04,22.91,29.09,3.0,,0.61,-0.01,uhi_verano+invierno,2026-10-01T10:46:55
san_marcos,2026-10-14,13.02,17.04,19.95,20.13,24.21,28.39,1.5,,0.61,-0.01,uhi_verano+invierno,2026-10-01T10:46:55
san_martin,2026-10-01,13.56,16.04,17.23,24.28,25.56,27.65,0.0,3.0,1.56,0.24,uhi_verano+invierno,2026-10-01T10:46:55
san_martin,2026-10-02,9.25,12.99,14.13,24.77,26.06,27.54,0.0,0.0,1.56,0.24,uhi_verano+invierno,2026-10-01T10:46:55
san_martin,2026-10-03,13.16,14.84,16.14,29.07,31.11,32.76,19.8,63.0,1.56,0.24,uhi_verano+invierno,2026-10-01T10:46:55
san_martin,2026-10-04,15.05,16.54,18.71,23.39,25.96,27.26,19.1,63.0,1.56,0.24,uhi_verano+invierno,2026-10-01T10:46:55
san_martin,2026-10-05,14.64,16.94,19.13,21.17,24.96,28.34,1.55,3.0,1.56,0.24,uhi_verano+invierno,2026-10-01T10:46:55
san_martin,2026-10-06,13.35,17.24,21.5,21.28,25.36,28.86,0.0,3.0,1.56,0.24,uhi_verano+invierno,2026-10-01T10:46:55
san_martin,2026-10-07,13.75,18.34,23.62,23.47,26.96,31.05,0.5,51.0,1.56,0.24,uhi_verano+invierno,2026-10-01T10:46:55
san_martin,2026-10-08,15.04,18.29,20.54,24.78,28.31,31.55,2.65,,1.56,0.24,uhi_verano+invierno,2026-10-01T10:46:55
san_martin,2026-10-09,16.84,18.94,20.74,22.46,23.81,28.52,27.0,,1.56,0.24,uhi_verano+invierno,2026-10-01T10:46:55
san_martin,2026-10-10,15.86,17.74,20.2,22.27,25.91,29.33,2.9,,1.56,0.24,uhi_verano+invierno,2026-10-01T10:46:55
san_martin,2026-10-11,13.84,16.79,18.63,21.8,25.21,28.76,0.2,,1.56,0.24,uhi_verano+invierno,2026-10-01T10:46:55
san_martin,2026-10-12,12.66,15.99,19.77,21.99,25.26,29.85,0.6,,1.56,0.24,uhi_verano+invierno,2026-10-01T10:46:55
san_martin,2026-10-13,13.54,17.24,19.72,20.99,23.86,30.04,3.0,,1.56,0.24,uhi_verano+invierno,2026-10-01T10:46:55
san_martin,2026-10-14,13.27,17.29,20.2,21.08,25.16,29.34,1.5,,1.56,0.24,uhi_verano+invierno,2026-10-01T10:46:55
san_martin_sureste,2026-10-01,13.41,15.89,17.08,23.8,25.08,27.17,0.0,3.0,1.08,0.09,uhi_verano+invierno,2026-10-01T10:46:55
san_martin_sureste,2026-10-02,9.1,12.84,13.98,24.29,25.58,27.06,0.0,0.0,1.08,0.09,uhi_verano+invierno,2026-10-01T10:46:55
san_martin_sureste,2026-10-03,13.01,14.69,15.99,28.59,30.63,32.28,19.8,63.0,1.08,0.09,uhi_verano+invierno,2026-10-01T10:46:55
san_martin_sureste,2026-10-04,14.9,16.39,18.56,22.91,25.48,26.78,19.1,63.0,1.08,0.09,uhi_verano+invierno,2026-10-01T10:46:55
san_martin_sureste,2026-10-05,14.49,16.79,18.98,20.69,24.48,27.86,1.55,3.0,1.08,0.09,uhi_verano+invierno,2026-10-01T10:46:55
san_martin_sureste,2026-10-06,13.2,17.09,21.35,20.8,24.88,28.38,0.0,3.0,1.08,0.09,uhi_verano+invierno,2026-10-01T10:46:55
san_martin_sureste,2026-10-07,13.6,18.19,23.47,22.99,26.48,30.57,0.5,51.0,1.08,0.09,uhi_verano+invierno,2026-10-01T10:46:55
san_martin_sureste,2026-10-08,14.89,18.14,20.39,24.3,27.83,31.07,2.65,,1.08,0.09,uhi_verano+invierno,2026-10-01T10:46:55
san_martin_sureste,2026-10-09,16.69,18.79,20.59,21.98,23.33,28.04,27.0,,1.08,0.09,uhi_verano+invierno,2026-10-01T10:46:55
san_martin_sureste,2026-10-10,15.71,17.59,20.05,21.79,25.43,28.85,2.9,,1.08,0.09,uhi_verano+invierno,2026-10-01T10:46:55
san_martin_sureste,2026-10-11,13.69,16.64,18.48,21.32,24.73,28.28,0.2,,1.08,0.09,uhi_verano+invierno,2026-10-01T10:46:55
san_martin_sureste,2026-10-12,12.51,15.84,19.62,21.51,24.78,29.37,0.6,,1.08,0.09,uhi_verano+invierno,2026-10-01T10:46:55
san_martin_sureste,2026-10-13,13.39,17.09,19.57,20.51,23.38,29.56,3.0,,1.08,0.09,uhi_verano+invierno,2026-10-01T10:46:55
san_martin_sureste,2026-10-14,13.12,17.14,20.05,20.6,24.68,28.86,1.5,,1.08,0.09,uhi_verano+invierno,2026-10-01T10:46:55
santa_helena,2026-10-01,13.5,15.98,17.17,23.99,25.27,27.36,0.0,3.0,1.27,0.18,uhi_verano+invierno,2026-10-01T10:46:55
santa_helena,2026-10-02,9.19,12.93,14.07,24.48,25.77,27.25,0.0,0.0,1.27,0.18,uhi_verano+invierno,2026-10-01T10:46:55
santa_helena,2026-10-03,13.1,14.78,16.08,28.78,30.82,32.47,19.8,63.0,1.27,0.18,uhi_verano+invierno,2026-10-01T10:46:55
santa_helena,2026-10-04,14.99,16.48,18.65,23.1,25.67,26.97,19.1,63.0,1.27,0.18,uhi_verano+invierno,2026-10-01T10:46:55
santa_helena,2026-10-05,14.58,16.88,19.07,20.88,24.67,28.05,1.55,3.0,1.27,0.18,uhi_verano+invierno,2026-10-01T10:46:55
santa_helena,2026-10-06,13.29,17.18,21.44,20.99,25.07,28.57,0.0,3.0,1.27,0.18,uhi_verano+invierno,2026-10-01T10:46:55
santa_helena,2026-10-07,13.69,18.28,23.56,23.18,26.67,30.76,0.5,51.0,1.27,0.18,uhi_verano+invierno,2026-10-01T10:46:55
santa_helena,2026-10-08,14.98,18.23,20.48,24.49,28.02,31.26,2.65,,1.27,0.18,uhi_verano+invierno,2026-10-01T10:46:55
santa_helena,2026-10-09,16.78,18.88,20.68,22.17,23.52,28.23,27.0,,1.27,0.18,uhi_verano+invierno,2026-10-01T10:46:55
santa_helena,2026-10-10,15.8,17.68,20.14,21.98,25.62,29.04,2.9,,1.27,0.18,uhi_verano+invierno,2026-10-01T10:46:55
santa_helena,2026-10-11,13.78,16.73,18.57,21.51,24.92,28.47,0.2,,1.27,0.18,uhi_verano+invierno,2026-10-01T10:46:55
santa_helena,2026-10-12,12.6,15.93,19.71,21.7,24.97,29.56,0.6,,1.27,0.18,uhi_verano+invierno,2026-10-01T10:46:55
santa_helena,2026-10-13,13.48,17.18,19.66,20.7,23.57,29.75,3.0,,1.27,0.18,uhi_verano+invierno,2026-10-01T10:46:55
santa_helena,2026-10-14,13.21,17.23,20.14,20.79,24.87,29.05,1.5,,1.27,0.18,uhi_verano+invierno,2026-10-01T10:46:55
santa_rita,2026-10-01,13.48,15.96,17.15,24.01,25.29,27.38,0.0,3.0,1.29,0.16,uhi_verano+invierno,2026-10-01T10:46:55
santa_rita,2026-10-02,9.17,12.91,14.05,24.5,25.79,27.27,0.0,0.0,1.29,0.16,uhi_verano+invierno,2026-10-01T10:46:55
santa_rita,2026-10-03,13.08,14.76,16.06,28.8,30.84,32.49,19.8,63.0,1.29,0.16,uhi_verano+invierno,2026-10-01T10:46:55
santa_rita,2026-10-04,14.97,16.46,18.63,23.12,25.69,26.99,19.1,63.0,1.29,0.16,uhi_verano+invierno,2026-10-01T10:46:55
santa_rita,2026-10-05,14.56,16.86,19.05,20.9,24.69,28.07,1.55,3.0,1.29,0.16,uhi_verano+invierno,2026-10-01T10:46:55
santa_rita,2026-10-06,13.27,17.16,21.42,21.01,25.09,28.59,0.0,3.0,1.29,0.16,uhi_verano+invierno,2026-10-01T10:46:55
santa_rita,2026-10-07,13.67,18.26,23.54,23.2,26.69,30.78,0.5,51.0,1.29,0.16,uhi_verano+invierno,2026-10-01T10:46:55
santa_rita,2026-10-08,14.96,18.21,20.46,24.51,28.04,31.28,2.65,,1.29,0.16,uhi_verano+invierno,2026-10-01T10:46:55
santa_rita,2026-10-09,16.76,18.86,20.66,22.19,23.54,28.25,27.0,,1.29,0.16,uhi_verano+invierno,2026-10-01T10:46:55
santa_rita,2026-10-10,15.78,17.66,20.12,22.0,25.64,29.06,2.9,,1.29,0.16,uhi_verano+invierno,2026-10-01T10:46:55
santa_rita,2026-10-11,13.76,16.71,18.55,21.53,24.94,28.49,0.2,,1.29,0.16,uhi_verano+invierno,2026-10-01T10:46:55
santa_rita,2026-10-12,12.58,15.91,19.69,21.72,24.99,29.58,0.6,,1.29,0.16,uhi_verano+invierno,2026-10-01T10:46:55
santa_rita,2026-10-13,13.46,17.16,19.64,20.72,23.59,29.77,3.0,,1.29,0.16,uhi_verano+invierno,2026-10-01T10:46:55
santa_rita,2026-10-14,13.19,17.21,20.12,20.81,24.89,29.07,1.5,,1.29,0.16,uhi_verano+invierno,2026-10-01T10:46:55
villa_bonita,2026-10-01,13.43,15.91,17.1,23.86,25.14,27.23,0.0,3.0,1.14,0.11,uhi_verano+invierno,2026-10-01T10:46:55
villa_bonita,2026-10-02,9.12,12.86,14.0,24.35,25.64,27.12,0.0,0.0,1.14,0.11,uhi_verano+invierno,2026-10-01T10:46:55
villa_bonita,2026-10-03,13.03,14.71,16.01,28.65,30.69,32.34,19.8,63.0,1.14,0.11,uhi_verano+invierno,2026-10-01T10:46:55
villa_bonita,2026-10-04,14.92,16.41,18.58,22.97,25.54,26.84,19.1,63.0,1.14,0.11,uhi_verano+invierno,2026-10-01T10:46:55
villa_bonita,2026-10-05,14.51,16.81,19.0,20.75,24.54,27.92,1.55,3.0,1.14,0.11,uhi_verano+invierno,2026-10-01T10:46:55
villa_bonita,2026-10-06,13.22,17.11,21.37,20.86,24.94,28.44,0.0,3.0,1.14,0.11,uhi_verano+invierno,2026-10-01T10:46:55
villa_bonita,2026-10-07,13.62,18.21,23.49,23.05,26.54,30.63,0.5,51.0,1.14,0.11,uhi_verano+invierno,2026-10-01T10:46:55
villa_bonita,2026-10-08,14.91,18.16,20.41,24.36,27.89,31.13,2.65,,1.14,0.11,uhi_verano+invierno,2026-10-01T10:46:55
villa_bonita,2026-10-09,16.71,18.81,20.61,22.04,23.39,28.1,27.0,,1.14,0.11,uhi_verano+invierno,2026-10-01T10:46:55
villa_bonita,2026-10-10,15.73,17.61,20.07,21.85,25.49,28.91,2.9,,1.14,0.11,uhi_verano+invierno,2026-10-01T10:46:55
villa_bonita,2026-10-11,13.71,16.66,18.5,21.38,24.79,28.34,0.2,,1.14,0.11,uhi_verano+invierno,2026-10-01T10:46:55
villa_bonita,2026-10-12,12.53,15.86,19.64,21.57,24.84,29.43,0.6,,1.14,0.11,uhi_verano+invierno,2026-10-01T10:46:55
villa_bonita,2026-10-13,13.41,17.11,19.59,20.57,23.44,29.62,3.0,,1.14,0.11,uhi_verano+invierno,2026-10-01T10:46:55
villa_bonita,2026-10-14,13.14,17.16,20.07,20.66,24.74,28.92,1.5,,1.14,0.11,uhi_verano+invierno,2026-10-01T10:46:55
villa_cabello,2026-10-01,13.59,16.07,17.26,23.33,24.61,26.7,0.0,3.0,0.61,0.27,uhi_verano+invierno,2026-10-01T10:46:55
villa_cabello,2026-10-02,9.28,13.02,14.16,23.82,25.11,26.59,0.0,0.0,0.61,0.27,uhi_verano+invierno,2026-10-01T10:46:55
villa_cabello,2026-10-03,13.19,14.87,16.17,28.12,30.16,31.81,19.8,63.0,0.61,0.27,uhi_verano+invierno,2026-10-01T10:46:55
villa_cabello,2026-10-04,15.08,16.57,18.74,22.44,25.01,26.31,19.1,63.0,0.61,0.27,uhi_verano+invierno,2026-10-01T10:46:55
villa_cabello,2026-10-05,14.67,16.97,19.16,20.22,24.01,27.39,1.55,3.0,0.61,0.27,uhi_verano+invierno,2026-10-01T10:46:55
villa_cabello,2026-10-06,13.38,17.27,21.53,20.33,24.41,27.91,0.0,3.0,0.61,0.27,uhi_verano+invierno,2026-10-01T10:46:55
villa_cabello,2026-10-07,13.78,18.37,23.65,22.52,26.01,30.1,0.5,51.0,0.61,0.27,uhi_verano+invierno,2026-10-01T10:46:55
villa_cabello,2026-10-08,15.07,18.32,20.57,23.83,27.36,30.6,2.65,,0.61,0.27,uhi_verano+invierno,2026-10-01T10:46:55
villa_cabello,2026-10-09,16.87,18.97,20.77,21.51,22.86,27.57,27.0,,0.61,0.27,uhi_verano+invierno,2026-10-01T10:46:55
villa_cabello,2026-10-10,15.89,17.77,20.23,21.32,24.96,28.38,2.9,,0.61,0.27,uhi_verano+invierno,2026-10-01T10:46:55
villa_cabello,2026-10-11,13.87,16.82,18.66,20.85,24.26,27.81,0.2,,0.61,0.27,uhi_verano+invierno,2026-10-01T10:46:55
villa_cabello,2026-10-12,12.69,16.02,19.8,21.04,24.31,28.9,0.6,,0.61,0.27,uhi_verano+invierno,2026-10-01T10:46:55
villa_cabello,2026-10-13,13.57,17.27,19.75,20.04,22.91,29.09,3.0,,0.61,0.27,uhi_verano+invierno,2026-10-01T10:46:55
villa_cabello,2026-10-14,13.3,17.32,20.23,20.13,24.21,28.39,1.5,,0.61,0.27,uhi_verano+invierno,2026-10-01T10:46:55
villa_dolores,2026-10-01,13.78,16.26,17.45,24.15,25.43,27.52,0.0,3.0,1.43,0.46,uhi_verano+invierno,2026-10-01T10:46:55
villa_dolores,2026-10-02,9.47,13.21,14.35,24.64,25.93,27.41,0.0,0.0,1.43,0.46,uhi_verano+invierno,2026-10-01T10:46:55
villa_dolores,2026-10-03,13.38,15.06,16.36,28.94,30.98,32.63,19.8,63.0,1.43,0.46,uhi_verano+invierno,2026-10-01T10:46:55
villa_dolores,2026-10-04,15.27,16.76,18.93,23.26,25.83,27.13,19.1,63.0,1.43,0.46,uhi_verano+invierno,2026-10-01T10:46:55
villa_dolores,2026-10-05,14.86,17.16,19.35,21.04,24.83,28.21,1.55,3.0,1.43,0.46,uhi_verano+invierno,2026-10-01T10:46:55
villa_dolores,2026-10-06,13.57,17.46,21.72,21.15,25.23,28.73,0.0,3.0,1.43,0.46,uhi_verano+invierno,2026-10-01T10:46:55
villa_dolores,2026-10-07,13.97,18.56,23.84,23.34,26.83,30.92,0.5,51.0,1.43,0.46,uhi_verano+invierno,2026-10-01T10:46:55
villa_dolores,2026-10-08,15.26,18.51,20.76,24.65,28.18,31.42,2.65,,1.43,0.46,uhi_verano+invierno,2026-10-01T10:46:55
villa_dolores,2026-10-09,17.06,19.16,20.96,22.33,23.68,28.39,27.0,,1.43,0.46,uhi_verano+invierno,2026-10-01T10:46:55
villa_dolores,2026-10-10,16.08,17.96,20.42,22.14,25.78,29.2,2.9,,1.43,0.46,uhi_verano+invierno,2026-10-01T10:46:55
villa_dolores,2026-10-11,14.06,17.01,18.85,21.67,25.08,28.63,0.2,,1.43,0.46,uhi_verano+invierno,2026-10-01T10:46:55
villa_dolores,2026-10-12,12.88,16.21,19.99,21.86,25.13,29.72,0.6,,1.43,0.46,uhi_verano+invierno,2026-10-01T10:46:55
villa_dolores,2026-10-13,13.76,17.46,19.94,20.86,23.73,29.91,3.0,,1.43,0.46,uhi_verano+invierno,2026-10-01T10:46:55
villa_dolores,2026-10-14,13.49,17.51,20.42,20.95,25.03,29.21,1.5,,1.43,0.46,uhi_verano+invierno,2026-10-01T10:46:55
villa_mola,2026-10-01,13.79,16.27,17.46,24.01,25.29,27.38,0.0,3.0,1.29,0.47,uhi_verano+invierno,2026-10-01T10:46:55
villa_mola,2026-10-02,9.48,13.22,14.36,24.5,25.79,27.27,0.0,0.0,1.29,0.47,uhi_verano+invierno,2026-10-01T10:46:55
villa_mola,2026-10-03,13.39,15.07,16.37,28.8,30.84,32.49,19.8,63.0,1.29,0.47,uhi_verano+invierno,2026-10-01T10:46:55
villa_mola,2026-10-04,15.28,16.77,18.94,23.12,25.69,26.99,19.1,63.0,1.29,0.47,uhi_verano+invierno,2026-10-01T10:46:55
villa_mola,2026-10-05,14.87,17.17,19.36,20.9,24.69,28.07,1.55,3.0,1.29,0.47,uhi_verano+invierno,2026-10-01T10:46:55
villa_mola,2026-10-06,13.58,17.47,21.73,21.01,25.09,28.59,0.0,3.0,1.29,0.47,uhi_verano+invierno,2026-10-01T10:46:55
villa_mola,2026-10-07,13.98,18.57,23.85,23.2,26.69,30.78,0.5,51.0,1.29,0.47,uhi_verano+invierno,2026-10-01T10:46:55
villa_mola,2026-10-08,15.27,18.52,20.77,24.51,28.04,31.28,2.65,,1.29,0.47,uhi_verano+invierno,2026-10-01T10:46:55
villa_mola,2026-10-09,17.07,19.17,20.97,22.19,23.54,28.25,27.0,,1.29,0.47,uhi_verano+invierno,2026-10-01T10:46:55
villa_mola,2026-10-10,16.09,17.97,20.43,22.0,25.64,29.06,2.9,,1.29,0.47,uhi_verano+invierno,2026-10-01T10:46:55
villa_mola,2026-10-11,14.07,17.02,18.86,21.53,24.94,28.49,0.2,,1.29,0.47,uhi_verano+invierno,2026-10-01T10:46:55
villa_mola,2026-10-12,12.89,16.22,20.0,21.72,24.99,29.58,0.6,,1.29,0.47,uhi_verano+invierno,2026-10-01T10:46:55
villa_mola,2026-10-13,13.77,17.47,19.95,20.72,23.59,29.77,3.0,,1.29,0.47,uhi_verano+invierno,2026-10-01T10:46:55
villa_mola,2026-10-14,13.5,17.52,20.43,20.81,24.89,29.07,1.5,,1.29,0.47,uhi_verano+invierno,2026-10-01T10:46:55
villa_sarita,2026-10-01,13.49,15.97,17.16,23.88,25.16,27.25,0.0,3.0,1.16,0.17,uhi_verano+invierno,2026-10-01T10:46:55
villa_sarita,2026-10-02,9.18,12.92,14.06,24.37,25.66,27.14,0.0,0.0,1.16,0.17,uhi_verano+invierno,2026-10-01T10:46:55
villa_sarita,2026-10-03,13.09,14.77,16.07,28.67,30.71,32.36,19.8,63.0,1.16,0.17,uhi_verano+invierno,2026-10-01T10:46:55
villa_sarita,2026-10-04,14.98,16.47,18.64,22.99,25.56,26.86,19.1,63.0,1.16,0.17,uhi_verano+invierno,2026-10-01T10:46:55
villa_sarita,2026-10-05,14.57,16.87,19.06,20.77,24.56,27.94,1.55,3.0,1.16,0.17,uhi_verano+invierno,2026-10-01T10:46:55
villa_sarita,2026-10-06,13.28,17.17,21.43,20.88,24.96,28.46,0.0,3.0,1.16,0.17,uhi_verano+invierno,2026-10-01T10:46:55
villa_sarita,2026-10-07,13.68,18.27,23.55,23.07,26.56,30.65,0.5,51.0,1.16,0.17,uhi_verano+invierno,2026-10-01T10:46:55
villa_sarita,2026-10-08,14.97,18.22,20.47,24.38,27.91,31.15,2.65,,1.16,0.17,uhi_verano+invierno,2026-10-01T10:46:55
villa_sarita,2026-10-09,16.77,18.87,20.67,22.06,23.41,28.12,27.0,,1.16,0.17,uhi_verano+invierno,2026-10-01T10:46:55
villa_sarita,2026-10-10,15.79,17.67,20.13,21.87,25.51,28.93,2.9,,1.16,0.17,uhi_verano+invierno,2026-10-01T10:46:55
villa_sarita,2026-10-11,13.77,16.72,18.56,21.4,24.81,28.36,0.2,,1.16,0.17,uhi_verano+invierno,2026-10-01T10:46:55
villa_sarita,2026-10-12,12.59,15.92,19.7,21.59,24.86,29.45,0.6,,1.16,0.17,uhi_verano+invierno,2026-10-01T10:46:55
villa_sarita,2026-10-13,13.47,17.17,19.65,20.59,23.46,29.64,3.0,,1.16,0.17,uhi_verano+invierno,2026-10-01T10:46:55
villa_sarita,2026-10-14,13.2,17.22,20.13,20.68,24.76,28.94,1.5,,1.16,0.17,uhi_verano+invierno,2026-10-01T10:46:55
villa_urquiza,2026-10-01,13.62,16.1,17.29,24.2,25.48,27.57,0.0,3.0,1.48,0.3,uhi_verano+invierno,2026-10-01T10:46:55
villa_urquiza,2026-10-02,9.31,13.05,14.19,24.69,25.98,27.46,0.0,0.0,1.48,0.3,uhi_verano+invierno,2026-10-01T10:46:55
villa_urquiza,2026-10-03,13.22,14.9,16.2,28.99,31.03,32.68,19.8,63.0,1.48,0.3,uhi_verano+invierno,2026-10-01T10:46:55
villa_urquiza,2026-10-04,15.11,16.6,18.77,23.31,25.88,27.18,19.1,63.0,1.48,0.3,uhi_verano+invierno,2026-10-01T10:46:55
villa_urquiza,2026-10-05,14.7,17.0,19.19,21.09,24.88,28.26,1.55,3.0,1.48,0.3,uhi_verano+invierno,2026-10-01T10:46:55
villa_urquiza,2026-10-06,13.41,17.3,21.56,21.2,25.28,28.78,0.0,3.0,1.48,0.3,uhi_verano+invierno,2026-10-01T10:46:55
villa_urquiza,2026-10-07,13.81,18.4,23.68,23.39,26.88,30.97,0.5,51.0,1.48,0.3,uhi_verano+invierno,2026-10-01T10:46:55
villa_urquiza,2026-10-08,15.1,18.35,20.6,24.7,28.23,31.47,2.65,,1.48,0.3,uhi_verano+invierno,2026-10-01T10:46:55
villa_urquiza,2026-10-09,16.9,19.0,20.8,22.38,23.73,28.44,27.0,,1.48,0.3,uhi_verano+invierno,2026-10-01T10:46:55
villa_urquiza,2026-10-10,15.92,17.8,20.26,22.19,25.83,29.25,2.9,,1.48,0.3,uhi_verano+invierno,2026-10-01T10:46:55
villa_urquiza,2026-10-11,13.9,16.85,18.69,21.72,25.13,28.68,0.2,,1.48,0.3,uhi_verano+invierno,2026-10-01T10:46:55
villa_urquiza,2026-10-12,12.72,16.05,19.83,21.91,25.18,29.77,0.6,,1.48,0.3,uhi_verano+invierno,2026-10-01T10:46:55
villa_urquiza,2026-10-13,13.6,17.3,19.78,20.91,23.78,29.96,3.0,,1.48,0.3,uhi_verano+invierno,2026-10-01T10:46:55
villa_urquiza,2026-10-14,13.33,17.35,20.26,21.0,25.08,29.26,1.5,,1.48,0.3,uhi_verano+invierno,2026-10-01T10:46:55
yacyreta,2026-10-01,13.55,16.03,17.22,24.2,25.48,27.57,0.0,3.0,1.48,0.23,uhi_verano+invierno,2026-10-01T10:46:55
yacyreta,2026-10-02,9.24,12.98,14.12,24.69,25.98,27.46,0.0,0.0,1.48,0.23,uhi_verano+invierno,2026-10-01T10:46:55
yacyreta,2026-10-03,13.15,14.83,16.13,28.99,31.03,32.68,19.8,63.0,1.48,0.23,uhi_verano+invierno,2026-10-01T10:46:55
yacyreta,2026-10-04,15.04,16.53,18.7,23.31,25.88,27.18,19.1,63.0,1.48,0.23,uhi_verano+invierno,2026-10-01T10:46:55
yacyreta,2026-10-05,14.63,16.93,19.12,21.09,24.88,28.26,1.55,3.0,1.48,0.23,uhi_verano+invierno,2026-10-01T10:46:55
yacyreta,2026-10-06,13.34,17.23,21.49,21.2,25.28,28.78,0.0,3.0,1.48,0.23,uhi_verano+invierno,2026-10-01T10:46:55
yacyreta,2026-10-07,13.74,18.33,23.61,23.39,26.88,30.97,0.5,51.0,1.48,0.23,uhi_verano+invierno,2026-10-01T10:46:55
yacyreta,2026-10-08,15.03,18.28,20.53,24.7,28.23,31.47,2.65,,1.48,0.23,uhi_verano+invierno,2026-10-01T10:46:55
yacyreta,2026-10-09,16.83,18.93,20.73,22.38,23.73,28.44,27.0,,1.48,0.23,uhi_verano+invierno,2026-10-01T10:46:55
yacyreta,2026-10-10,15.85,17.73,20.19,22.19,25.83,29.25,2.9,,1.48,0.23,uhi_verano+invierno,2026-10-01T10:46:55
yacyreta,2026-10-11,13.83,16.78,18.62,21.72,25.13,28.68,0.2,,1.48,0.23,uhi_verano+invierno,2026-10-01T10:46:55
yacyreta,2026-10-12,12.65,15.98,19.76,21.91,25.18,29.77,0.6,,1.48,0.23,uhi_verano+invierno,2026-10-01T10:46:55
yacyreta,2026-10-13,13.53,17.23,19.71,20.91,23.78,29.96,3.0,,1.48,0.23,uhi_verano+invierno,2026-10-01T10:46:55
yacyreta,2026-10-14,13.26,17.28,20.19,21.0,25.08,29.26,1.5,,1.48,0.23,uhi_verano+invierno,2026-10-01T10:46:55
