poligono_id,fecha,tmin_p10,tmin_p50,tmin_p90,tmax_p10,tmax_p50,tmax_p90,precipitation_mm,weather_code,offset_calor_c,offset_frio_c,offset_origen,generated_at
23_de_septiembre,2026-06-01,9.71,11.7,13.58,22.37,23.32,24.27,0.0,3.0,1.97,0.2,uhi_verano+invierno,2026-06-01T09:40:00
23_de_septiembre,2026-06-02,10.11,11.4,13.59,23.48,24.47,25.47,0.0,3.0,1.97,0.2,uhi_verano+invierno,2026-06-01T09:40:00
23_de_septiembre,2026-06-03,11.91,13.0,15.19,24.68,26.17,26.97,0.0,3.0,1.97,0.2,uhi_verano+invierno,2026-06-01T09:40:00
23_de_septiembre,2026-06-04,12.2,13.7,16.39,24.69,25.87,26.76,0.0,3.0,1.97,0.2,uhi_verano+invierno,2026-06-01T09:40:00
23_de_septiembre,2026-06-05,13.41,15.9,17.2,25.78,27.32,28.56,0.0,3.0,1.97,0.2,uhi_verano+invierno,2026-06-01T09:40:00
23_de_septiembre,2026-06-06,13.7,15.95,19.6,21.88,25.87,29.14,0.0,3.0,1.97,0.2,uhi_verano+invierno,2026-06-01T09:40:00
23_de_septiembre,2026-06-07,13.62,16.25,19.1,21.58,23.82,27.56,0.0,3.0,1.97,0.2,uhi_verano+invierno,2026-06-01T09:40:00
23_de_septiembre,2026-06-08,12.41,14.85,16.89,19.27,23.02,26.44,1.25,,1.97,0.2,uhi_verano+invierno,2026-06-01T09:40:00
23_de_septiembre,2026-06-09,7.95,13.7,16.39,18.58,20.32,24.06,0.6,,1.97,0.2,uhi_verano+invierno,2026-06-01T09:40:00
23_de_septiembre,2026-06-10,6.31,11.55,15.58,17.69,20.82,24.46,0.2,,1.97,0.2,uhi_verano+invierno,2026-06-01T09:40:00
23_de_septiembre,2026-06-11,6.35,10.55,14.79,18.69,21.57,26.22,0.02,,1.97,0.2,uhi_verano+invierno,2026-06-01T09:40:00
23_de_septiembre,2026-06-12,6.72,12.3,16.99,18.58,21.77,26.86,0.0,,1.97,0.2,uhi_verano+invierno,2026-06-01T09:40:00
23_de_septiembre,2026-06-13,7.71,12.55,18.0,19.37,22.67,25.66,0.1,,1.97,0.2,uhi_verano+invierno,2026-06-01T09:40:00
23_de_septiembre,2026-06-14,5.95,12.55,18.38,17.63,22.37,25.76,0.4,,1.97,0.2,uhi_verano+invierno,2026-06-01T09:40:00
a4_nueva_esperanza,2026-06-01,10.14,12.13,14.01,22.83,23.78,24.73,0.0,3.0,2.43,0.63,uhi_verano+invierno,2026-06-01T09:40:00
a4_nueva_esperanza,2026-06-02,10.54,11.83,14.02,23.94,24.93,25.93,0.0,3.0,2.43,0.63,uhi_verano+invierno,2026-06-01T09:40:00
a4_nueva_esperanza,2026-06-03,12.34,13.43,15.62,25.14,26.63,27.43,0.0,3.0,2.43,0.63,uhi_verano+invierno,2026-06-01T09:40:00
a4_nueva_esperanza,2026-06-04,12.63,14.13,16.82,25.15,26.33,27.22,0.0,3.0,2.43,0.63,uhi_verano+invierno,2026-06-01T09:40:00
a4_nueva_esperanza,2026-06-05,13.84,16.33,17.63,26.24,27.78,29.02,0.0,3.0,2.43,0.63,uhi_verano+invierno,2026-06-01T09:40:00
a4_nueva_esperanza,2026-06-06,14.13,16.38,20.03,22.34,26.33,29.6,0.0,3.0,2.43,0.63,uhi_verano+invierno,2026-06-01T09:40:00
a4_nueva_esperanza,2026-06-07,14.05,16.68,19.53,22.04,24.28,28.02,0.0,3.0,2.43,0.63,uhi_verano+invierno,2026-06-01T09:40:00
a4_nueva_esperanza,2026-06-08,12.84,15.28,17.32,19.73,23.48,26.9,1.25,,2.43,0.63,uhi_verano+invierno,2026-06-01T09:40:00
a4_nueva_esperanza,2026-06-09,8.38,14.13,16.82,19.04,20.78,24.52,0.6,,2.43,0.63,uhi_verano+invierno,2026-06-01T09:40:00
a4_nueva_esperanza,2026-06-10,6.74,11.98,16.01,18.15,21.28,24.92,0.2,,2.43,0.63,uhi_verano+invierno,2026-06-01T09:40:00
a4_nueva_esperanza,2026-06-11,6.78,10.98,15.22,19.15,22.03,26.68,0.02,,2.43,0.63,uhi_verano+invierno,2026-06-01T09:40:00
a4_nueva_esperanza,2026-06-12,7.15,12.73,17.42,19.04,22.23,27.32,0.0,,2.43,0.63,uhi_verano+invierno,2026-06-01T09:40:00
a4_nueva_esperanza,2026-06-13,8.14,12.98,18.43,19.83,23.13,26.12,0.1,,2.43,0.63,uhi_verano+invierno,2026-06-01T09:40:00
a4_nueva_esperanza,2026-06-14,6.38,12.98,18.81,18.09,22.83,26.22,0.4,,2.43,0.63,uhi_verano+invierno,2026-06-01T09:40:00
a_3_2_sector_b,2026-06-01,9.87,11.86,13.74,22.01,22.96,23.91,0.0,3.0,1.61,0.36,uhi_verano+invierno,2026-06-01T09:40:00
a_3_2_sector_b,2026-06-02,10.27,11.56,13.75,23.12,24.11,25.11,0.0,3.0,1.61,0.36,uhi_verano+invierno,2026-06-01T09:40:00
a_3_2_sector_b,2026-06-03,12.07,13.16,15.35,24.32,25.81,26.61,0.0,3.0,1.61,0.36,uhi_verano+invierno,2026-06-01T09:40:00
a_3_2_sector_b,2026-06-04,12.36,13.86,16.55,24.33,25.51,26.4,0.0,3.0,1.61,0.36,uhi_verano+invierno,2026-06-01T09:40:00
a_3_2_sector_b,2026-06-05,13.57,16.06,17.36,25.42,26.96,28.2,0.0,3.0,1.61,0.36,uhi_verano+invierno,2026-06-01T09:40:00
a_3_2_sector_b,2026-06-06,13.86,16.11,19.76,21.52,25.51,28.78,0.0,3.0,1.61,0.36,uhi_verano+invierno,2026-06-01T09:40:00
a_3_2_sector_b,2026-06-07,13.78,16.41,19.26,21.22,23.46,27.2,0.0,3.0,1.61,0.36,uhi_verano+invierno,2026-06-01T09:40:00
a_3_2_sector_b,2026-06-08,12.57,15.01,17.05,18.91,22.66,26.08,1.25,,1.61,0.36,uhi_verano+invierno,2026-06-01T09:40:00
a_3_2_sector_b,2026-06-09,8.11,13.86,16.55,18.22,19.96,23.7,0.6,,1.61,0.36,uhi_verano+invierno,2026-06-01T09:40:00
a_3_2_sector_b,2026-06-10,6.47,11.71,15.74,17.33,20.46,24.1,0.2,,1.61,0.36,uhi_verano+invierno,2026-06-01T09:40:00
a_3_2_sector_b,2026-06-11,6.51,10.71,14.95,18.33,21.21,25.86,0.02,,1.61,0.36,uhi_verano+invierno,2026-06-01T09:40:00
a_3_2_sector_b,2026-06-12,6.88,12.46,17.15,18.22,21.41,26.5,0.0,,1.61,0.36,uhi_verano+invierno,2026-06-01T09:40:00
a_3_2_sector_b,2026-06-13,7.87,12.71,18.16,19.01,22.31,25.3,0.1,,1.61,0.36,uhi_verano+invierno,2026-06-01T09:40:00
a_3_2_sector_b,2026-06-14,6.11,12.71,18.54,17.27,22.01,25.4,0.4,,1.61,0.36,uhi_verano+invierno,2026-06-01T09:40:00
aguas_corrientes,2026-06-01,9.67,11.66,13.54,21.96,22.91,23.86,0.0,3.0,1.56,0.16,uhi_verano+invierno,2026-06-01T09:40:00
aguas_corrientes,2026-06-02,10.07,11.36,13.55,23.07,24.06,25.06,0.0,3.0,1.56,0.16,uhi_verano+invierno,2026-06-01T09:40:00
aguas_corrientes,2026-06-03,11.87,12.96,15.15,24.27,25.76,26.56,0.0,3.0,1.56,0.16,uhi_verano+invierno,2026-06-01T09:40:00
aguas_corrientes,2026-06-04,12.16,13.66,16.35,24.28,25.46,26.35,0.0,3.0,1.56,0.16,uhi_verano+invierno,2026-06-01T09:40:00
aguas_corrientes,2026-06-05,13.37,15.86,17.16,25.37,26.91,28.15,0.0,3.0,1.56,0.16,uhi_verano+invierno,2026-06-01T09:40:00
aguas_corrientes,2026-06-06,13.66,15.91,19.56,21.47,25.46,28.73,0.0,3.0,1.56,0.16,uhi_verano+invierno,2026-06-01T09:40:00
aguas_corrientes,2026-06-07,13.58,16.21,19.06,21.17,23.41,27.15,0.0,3.0,1.56,0.16,uhi_verano+invierno,2026-06-01T09:40:00
aguas_corrientes,2026-06-08,12.37,14.81,16.85,18.86,22.61,26.03,1.25,,1.56,0.16,uhi_verano+invierno,2026-06-01T09:40:00
aguas_corrientes,2026-06-09,7.91,13.66,16.35,18.17,19.91,23.65,0.6,,1.56,0.16,uhi_verano+invierno,2026-06-01T09:40:00
aguas_corrientes,2026-06-10,6.27,11.51,15.54,17.28,20.41,24.05,0.2,,1.56,0.16,uhi_verano+invierno,2026-06-01T09:40:00
aguas_corrientes,2026-06-11,6.31,10.51,14.75,18.28,21.16,25.81,0.02,,1.56,0.16,uhi_verano+invierno,2026-06-01T09:40:00
aguas_corrientes,2026-06-12,6.68,12.26,16.95,18.17,21.36,26.45,0.0,,1.56,0.16,uhi_verano+invierno,2026-06-01T09:40:00
aguas_corrientes,2026-06-13,7.67,12.51,17.96,18.96,22.26,25.25,0.1,,1.56,0.16,uhi_verano+invierno,2026-06-01T09:40:00
aguas_corrientes,2026-06-14,5.91,12.51,18.34,17.22,21.96,25.35,0.4,,1.56,0.16,uhi_verano+invierno,2026-06-01T09:40:00
alta_gracia,2026-06-01,9.58,11.57,13.45,21.55,22.5,23.45,0.0,3.0,1.15,0.07,uhi_verano+invierno,2026-06-01T09:40:00
alta_gracia,2026-06-02,9.98,11.27,13.46,22.66,23.65,24.65,0.0,3.0,1.15,0.07,uhi_verano+invierno,2026-06-01T09:40:00
alta_gracia,2026-06-03,11.78,12.87,15.06,23.86,25.35,26.15,0.0,3.0,1.15,0.07,uhi_verano+invierno,2026-06-01T09:40:00
alta_gracia,2026-06-04,12.07,13.57,16.26,23.87,25.05,25.94,0.0,3.0,1.15,0.07,uhi_verano+invierno,2026-06-01T09:40:00
alta_gracia,2026-06-05,13.28,15.77,17.07,24.96,26.5,27.74,0.0,3.0,1.15,0.07,uhi_verano+invierno,2026-06-01T09:40:00
alta_gracia,2026-06-06,13.57,15.82,19.47,21.06,25.05,28.32,0.0,3.0,1.15,0.07,uhi_verano+invierno,2026-06-01T09:40:00
alta_gracia,2026-06-07,13.49,16.12,18.97,20.76,23.0,26.74,0.0,3.0,1.15,0.07,uhi_verano+invierno,2026-06-01T09:40:00
alta_gracia,2026-06-08,12.28,14.72,16.76,18.45,22.2,25.62,1.25,,1.15,0.07,uhi_verano+invierno,2026-06-01T09:40:00
alta_gracia,2026-06-09,7.82,13.57,16.26,17.76,19.5,23.24,0.6,,1.15,0.07,uhi_verano+invierno,2026-06-01T09:40:00
alta_gracia,2026-06-10,6.18,11.42,15.45,16.87,20.0,23.64,0.2,,1.15,0.07,uhi_verano+invierno,2026-06-01T09:40:00
alta_gracia,2026-06-11,6.22,10.42,14.66,17.87,20.75,25.4,0.02,,1.15,0.07,uhi_verano+invierno,2026-06-01T09:40:00
alta_gracia,2026-06-12,6.59,12.17,16.86,17.76,20.95,26.04,0.0,,1.15,0.07,uhi_verano+invierno,2026-06-01T09:40:00
alta_gracia,2026-06-13,7.58,12.42,17.87,18.55,21.85,24.84,0.1,,1.15,0.07,uhi_verano+invierno,2026-06-01T09:40:00
alta_gracia,2026-06-14,5.82,12.42,18.25,16.81,21.55,24.94,0.4,,1.15,0.07,uhi_verano+invierno,2026-06-01T09:40:00
bajada_vieja,2026-06-01,9.51,11.5,13.38,20.4,21.35,22.3,0.0,3.0,0.0,0.0,ninguno,2026-06-01T09:40:00
bajada_vieja,2026-06-02,9.91,11.2,13.39,21.51,22.5,23.5,0.0,3.0,0.0,0.0,ninguno,2026-06-01T09:40:00
bajada_vieja,2026-06-03,11.71,12.8,14.99,22.71,24.2,25.0,0.0,3.0,0.0,0.0,ninguno,2026-06-01T09:40:00
bajada_vieja,2026-06-04,12.0,13.5,16.19,22.72,23.9,24.79,0.0,3.0,0.0,0.0,ninguno,2026-06-01T09:40:00
bajada_vieja,2026-06-05,13.21,15.7,17.0,23.81,25.35,26.59,0.0,3.0,0.0,0.0,ninguno,2026-06-01T09:40:00
bajada_vieja,2026-06-06,13.5,15.75,19.4,19.91,23.9,27.17,0.0,3.0,0.0,0.0,ninguno,2026-06-01T09:40:00
bajada_vieja,2026-06-07,13.42,16.05,18.9,19.61,21.85,25.59,0.0,3.0,0.0,0.0,ninguno,2026-06-01T09:40:00
bajada_vieja,2026-06-08,12.21,14.65,16.69,17.3,21.05,24.47,1.25,,0.0,0.0,ninguno,2026-06-01T09:40:00
bajada_vieja,2026-06-09,7.75,13.5,16.19,16.61,18.35,22.09,0.6,,0.0,0.0,ninguno,2026-06-01T09:40:00
bajada_vieja,2026-06-10,6.11,11.35,15.38,15.72,18.85,22.49,0.2,,0.0,0.0,ninguno,2026-06-01T09:40:00
bajada_vieja,2026-06-11,6.15,10.35,14.59,16.72,19.6,24.25,0.02,,0.0,0.0,ninguno,2026-06-01T09:40:00
bajada_vieja,2026-06-12,6.52,12.1,16.79,16.61,19.8,24.89,0.0,,0.0,0.0,ninguno,2026-06-01T09:40:00
bajada_vieja,2026-06-13,7.51,12.35,17.8,17.4,20.7,23.69,0.1,,0.0,0.0,ninguno,2026-06-01T09:40:00
bajada_vieja,2026-06-14,5.75,12.35,18.18,15.66,20.4,23.79,0.4,,0.0,0.0,ninguno,2026-06-01T09:40:00
centro,2026-06-01,9.62,11.61,13.49,21.93,22.88,23.83,0.0,3.0,1.53,0.11,uhi_verano+invierno,2026-06-01T09:40:00
centro,2026-06-02,10.02,11.31,13.5,23.04,24.03,25.03,0.0,3.0,1.53,0.11,uhi_verano+invierno,2026-06-01T09:40:00
centro,2026-06-03,11.82,12.91,15.1,24.24,25.73,26.53,0.0,3.0,1.53,0.11,uhi_verano+invierno,2026-06-01T09:40:00
centro,2026-06-04,12.11,13.61,16.3,24.25,25.43,26.32,0.0,3.0,1.53,0.11,uhi_verano+invierno,2026-06-01T09:40:00
centro,2026-06-05,13.32,15.81,17.11,25.34,26.88,28.12,0.0,3.0,1.53,0.11,uhi_verano+invierno,2026-06-01T09:40:00
centro,2026-06-06,13.61,15.86,19.51,21.44,25.43,28.7,0.0,3.0,1.53,0.11,uhi_verano+invierno,2026-06-01T09:40:00
centro,2026-06-07,13.53,16.16,19.01,21.14,23.38,27.12,0.0,3.0,1.53,0.11,uhi_verano+invierno,2026-06-01T09:40:00
centro,2026-06-08,12.32,14.76,16.8,18.83,22.58,26.0,1.25,,1.53,0.11,uhi_verano+invierno,2026-06-01T09:40:00
centro,2026-06-09,7.86,13.61,16.3,18.14,19.88,23.62,0.6,,1.53,0.11,uhi_verano+invierno,2026-06-01T09:40:00
centro,2026-06-10,6.22,11.46,15.49,17.25,20.38,24.02,0.2,,1.53,0.11,uhi_verano+invierno,2026-06-01T09:40:00
centro,2026-06-11,6.26,10.46,14.7,18.25,21.13,25.78,0.02,,1.53,0.11,uhi_verano+invierno,2026-06-01T09:40:00
centro,2026-06-12,6.63,12.21,16.9,18.14,21.33,26.42,0.0,,1.53,0.11,uhi_verano+invierno,2026-06-01T09:40:00
centro,2026-06-13,7.62,12.46,17.91,18.93,22.23,25.22,0.1,,1.53,0.11,uhi_verano+invierno,2026-06-01T09:40:00
centro,2026-06-14,5.86,12.46,18.29,17.19,21.93,25.32,0.4,,1.53,0.11,uhi_verano+invierno,2026-06-01T09:40:00
chacra_32,2026-06-01,9.75,11.74,13.62,22.37,23.32,24.27,0.0,3.0,1.97,0.24,uhi_verano+invierno,2026-06-01T09:40:00
chacra_32,2026-06-02,10.15,11.44,13.63,23.48,24.47,25.47,0.0,3.0,1.97,0.24,uhi_verano+invierno,2026-06-01T09:40:00
chacra_32,2026-06-03,11.95,13.04,15.23,24.68,26.17,26.97,0.0,3.0,1.97,0.24,uhi_verano+invierno,2026-06-01T09:40:00
chacra_32,2026-06-04,12.24,13.74,16.43,24.69,25.87,26.76,0.0,3.0,1.97,0.24,uhi_verano+invierno,2026-06-01T09:40:00
chacra_32,2026-06-05,13.45,15.94,17.24,25.78,27.32,28.56,0.0,3.0,1.97,0.24,uhi_verano+invierno,2026-06-01T09:40:00
chacra_32,2026-06-06,13.74,15.99,19.64,21.88,25.87,29.14,0.0,3.0,1.97,0.24,uhi_verano+invierno,2026-06-01T09:40:00
chacra_32,2026-06-07,13.66,16.29,19.14,21.58,23.82,27.56,0.0,3.0,1.97,0.24,uhi_verano+invierno,2026-06-01T09:40:00
chacra_32,2026-06-08,12.45,14.89,16.93,19.27,23.02,26.44,1.25,,1.97,0.24,uhi_verano+invierno,2026-06-01T09:40:00
chacra_32,2026-06-09,7.99,13.74,16.43,18.58,20.32,24.06,0.6,,1.97,0.24,uhi_verano+invierno,2026-06-01T09:40:00
chacra_32,2026-06-10,6.35,11.59,15.62,17.69,20.82,24.46,0.2,,1.97,0.24,uhi_verano+invierno,2026-06-01T09:40:00
chacra_32,2026-06-11,6.39,10.59,14.83,18.69,21.57,26.22,0.02,,1.97,0.24,uhi_verano+invierno,2026-06-01T09:40:00
chacra_32,2026-06-12,6.76,12.34,17.03,18.58,21.77,26.86,0.0,,1.97,0.24,uhi_verano+invierno,2026-06-01T09:40:00
chacra_32,2026-06-13,7.75,12.59,18.04,19.37,22.67,25.66,0.1,,1.97,0.24,uhi_verano+invierno,2026-06-01T09:40:00
chacra_32,2026-06-14,5.99,12.59,18.42,17.63,22.37,25.76,0.4,,1.97,0.24,uhi_verano+invierno,2026-06-01T09:40:00
cima_del_sol,2026-06-01,9.56,11.55,13.43,20.95,21.9,22.85,0.0,3.0,0.55,0.05,uhi_verano+invierno,2026-06-01T09:40:00
cima_del_sol,2026-06-02,9.96,11.25,13.44,22.06,23.05,24.05,0.0,3.0,0.55,0.05,uhi_verano+invierno,2026-06-01T09:40:00
cima_del_sol,2026-06-03,11.76,12.85,15.04,23.26,24.75,25.55,0.0,3.0,0.55,0.05,uhi_verano+invierno,2026-06-01T09:40:00
cima_del_sol,2026-06-04,12.05,13.55,16.24,23.27,24.45,25.34,0.0,3.0,0.55,0.05,uhi_verano+invierno,2026-06-01T09:40:00
cima_del_sol,2026-06-05,13.26,15.75,17.05,24.36,25.9,27.14,0.0,3.0,0.55,0.05,uhi_verano+invierno,2026-06-01T09:40:00
cima_del_sol,2026-06-06,13.55,15.8,19.45,20.46,24.45,27.72,0.0,3.0,0.55,0.05,uhi_verano+invierno,2026-06-01T09:40:00
cima_del_sol,2026-06-07,13.47,16.1,18.95,20.16,22.4,26.14,0.0,3.0,0.55,0.05,uhi_verano+invierno,2026-06-01T09:40:00
cima_del_sol,2026-06-08,12.26,14.7,16.74,17.85,21.6,25.02,1.25,,0.55,0.05,uhi_verano+invierno,2026-06-01T09:40:00
cima_del_sol,2026-06-09,7.8,13.55,16.24,17.16,18.9,22.64,0.6,,0.55,0.05,uhi_verano+invierno,2026-06-01T09:40:00
cima_del_sol,2026-06-10,6.16,11.4,15.43,16.27,19.4,23.04,0.2,,0.55,0.05,uhi_verano+invierno,2026-06-01T09:40:00
cima_del_sol,2026-06-11,6.2,10.4,14.64,17.27,20.15,24.8,0.02,,0.55,0.05,uhi_verano+invierno,2026-06-01T09:40:00
cima_del_sol,2026-06-12,6.57,12.15,16.84,17.16,20.35,25.44,0.0,,0.55,0.05,uhi_verano+invierno,2026-06-01T09:40:00
cima_del_sol,2026-06-13,7.56,12.4,17.85,17.95,21.25,24.24,0.1,,0.55,0.05,uhi_verano+invierno,2026-06-01T09:40:00
cima_del_sol,2026-06-14,5.8,12.4,18.23,16.21,20.95,24.34,0.4,,0.55,0.05,uhi_verano+invierno,2026-06-01T09:40:00
cit_riberas_del_parana,2026-06-01,9.63,11.62,13.5,21.34,22.29,23.24,0.0,3.0,0.94,0.12,uhi_verano+invierno,2026-06-01T09:40:00
cit_riberas_del_parana,2026-06-02,10.03,11.32,13.51,22.45,23.44,24.44,0.0,3.0,0.94,0.12,uhi_verano+invierno,2026-06-01T09:40:00
cit_riberas_del_parana,2026-06-03,11.83,12.92,15.11,23.65,25.14,25.94,0.0,3.0,0.94,0.12,uhi_verano+invierno,2026-06-01T09:40:00
cit_riberas_del_parana,2026-06-04,12.12,13.62,16.31,23.66,24.84,25.73,0.0,3.0,0.94,0.12,uhi_verano+invierno,2026-06-01T09:40:00
cit_riberas_del_parana,2026-06-05,13.33,15.82,17.12,24.75,26.29,27.53,0.0,3.0,0.94,0.12,uhi_verano+invierno,2026-06-01T09:40:00
cit_riberas_del_parana,2026-06-06,13.62,15.87,19.52,20.85,24.84,28.11,0.0,3.0,0.94,0.12,uhi_verano+invierno,2026-06-01T09:40:00
cit_riberas_del_parana,2026-06-07,13.54,16.17,19.02,20.55,22.79,26.53,0.0,3.0,0.94,0.12,uhi_verano+invierno,2026-06-01T09:40:00
cit_riberas_del_parana,2026-06-08,12.33,14.77,16.81,18.24,21.99,25.41,1.25,,0.94,0.12,uhi_verano+invierno,2026-06-01T09:40:00
cit_riberas_del_parana,2026-06-09,7.87,13.62,16.31,17.55,19.29,23.03,0.6,,0.94,0.12,uhi_verano+invierno,2026-06-01T09:40:00
cit_riberas_del_parana,2026-06-10,6.23,11.47,15.5,16.66,19.79,23.43,0.2,,0.94,0.12,uhi_verano+invierno,2026-06-01T09:40:00
cit_riberas_del_parana,2026-06-11,6.27,10.47,14.71,17.66,20.54,25.19,0.02,,0.94,0.12,uhi_verano+invierno,2026-06-01T09:40:00
cit_riberas_del_parana,2026-06-12,6.64,12.22,16.91,17.55,20.74,25.83,0.0,,0.94,0.12,uhi_verano+invierno,2026-06-01T09:40:00
cit_riberas_del_parana,2026-06-13,7.63,12.47,17.92,18.34,21.64,24.63,0.1,,0.94,0.12,uhi_verano+invierno,2026-06-01T09:40:00
cit_riberas_del_parana,2026-06-14,5.87,12.47,18.3,16.6,21.34,24.73,0.4,,0.94,0.12,uhi_verano+invierno,2026-06-01T09:40:00
cit_riberas_del_parana_oeste,2026-06-01,9.57,11.56,13.44,20.92,21.87,22.82,0.0,3.0,0.52,0.06,uhi_verano+invierno,2026-06-01T09:40:00
cit_riberas_del_parana_oeste,2026-06-02,9.97,11.26,13.45,22.03,23.02,24.02,0.0,3.0,0.52,0.06,uhi_verano+invierno,2026-06-01T09:40:00
cit_riberas_del_parana_oeste,2026-06-03,11.77,12.86,15.05,23.23,24.72,25.52,0.0,3.0,0.52,0.06,uhi_verano+invierno,2026-06-01T09:40:00
cit_riberas_del_parana_oeste,2026-06-04,12.06,13.56,16.25,23.24,24.42,25.31,0.0,3.0,0.52,0.06,uhi_verano+invierno,2026-06-01T09:40:00
cit_riberas_del_parana_oeste,2026-06-05,13.27,15.76,17.06,24.33,25.87,27.11,0.0,3.0,0.52,0.06,uhi_verano+invierno,2026-06-01T09:40:00
cit_riberas_del_parana_oeste,2026-06-06,13.56,15.81,19.46,20.43,24.42,27.69,0.0,3.0,0.52,0.06,uhi_verano+invierno,2026-06-01T09:40:00
cit_riberas_del_parana_oeste,2026-06-07,13.48,16.11,18.96,20.13,22.37,26.11,0.0,3.0,0.52,0.06,uhi_verano+invierno,2026-06-01T09:40:00
cit_riberas_del_parana_oeste,2026-06-08,12.27,14.71,16.75,17.82,21.57,24.99,1.25,,0.52,0.06,uhi_verano+invierno,2026-06-01T09:40:00
cit_riberas_del_parana_oeste,2026-06-09,7.81,13.56,16.25,17.13,18.87,22.61,0.6,,0.52,0.06,uhi_verano+invierno,2026-06-01T09:40:00
cit_riberas_del_parana_oeste,2026-06-10,6.17,11.41,15.44,16.24,19.37,23.01,0.2,,0.52,0.06,uhi_verano+invierno,2026-06-01T09:40:00
cit_riberas_del_parana_oeste,2026-06-11,6.21,10.41,14.65,17.24,20.12,24.77,0.02,,0.52,0.06,uhi_verano+invierno,2026-06-01T09:40:00
cit_riberas_del_parana_oeste,2026-06-12,6.58,12.16,16.85,17.13,20.32,25.41,0.0,,0.52,0.06,uhi_verano+invierno,2026-06-01T09:40:00
cit_riberas_del_parana_oeste,2026-06-13,7.57,12.41,17.86,17.92,21.22,24.21,0.1,,0.52,0.06,uhi_verano+invierno,2026-06-01T09:40:00
cit_riberas_del_parana_oeste,2026-06-14,5.81,12.41,18.24,16.18,20.92,24.31,0.4,,0.52,0.06,uhi_verano+invierno,2026-06-01T09:40:00
colonia_laosiana,2026-06-01,9.45,11.44,13.32,20.02,20.97,21.92,0.0,3.0,-0.38,-0.06,uhi_verano+invierno,2026-06-01T09:40:00
colonia_laosiana,2026-06-02,9.85,11.14,13.33,21.13,22.12,23.12,0.0,3.0,-0.38,-0.06,uhi_verano+invierno,2026-06-01T09:40:00
colonia_laosiana,2026-06-03,11.65,12.74,14.93,22.33,23.82,24.62,0.0,3.0,-0.38,-0.06,uhi_verano+invierno,2026-06-01T09:40:00
colonia_laosiana,2026-06-04,11.94,13.44,16.13,22.34,23.52,24.41,0.0,3.0,-0.38,-0.06,uhi_verano+invierno,2026-06-01T09:40:00
colonia_laosiana,2026-06-05,13.15,15.64,16.94,23.43,24.97,26.21,0.0,3.0,-0.38,-0.06,uhi_verano+invierno,2026-06-01T09:40:00
colonia_laosiana,2026-06-06,13.44,15.69,19.34,19.53,23.52,26.79,0.0,3.0,-0.38,-0.06,uhi_verano+invierno,2026-06-01T09:40:00
colonia_laosiana,2026-06-07,13.36,15.99,18.84,19.23,21.47,25.21,0.0,3.0,-0.38,-0.06,uhi_verano+invierno,2026-06-01T09:40:00
colonia_laosiana,2026-06-08,12.15,14.59,16.63,16.92,20.67,24.09,1.25,,-0.38,-0.06,uhi_verano+invierno,2026-06-01T09:40:00
colonia_laosiana,2026-06-09,7.69,13.44,16.13,16.23,17.97,21.71,0.6,,-0.38,-0.06,uhi_verano+invierno,2026-06-01T09:40:00
colonia_laosiana,2026-06-10,6.05,11.29,15.32,15.34,18.47,22.11,0.2,,-0.38,-0.06,uhi_verano+invierno,2026-06-01T09:40:00
colonia_laosiana,2026-06-11,6.09,10.29,14.53,16.34,19.22,23.87,0.02,,-0.38,-0.06,uhi_verano+invierno,2026-06-01T09:40:00
colonia_laosiana,2026-06-12,6.46,12.04,16.73,16.23,19.42,24.51,0.0,,-0.38,-0.06,uhi_verano+invierno,2026-06-01T09:40:00
colonia_laosiana,2026-06-13,7.45,12.29,17.74,17.02,20.32,23.31,0.1,,-0.38,-0.06,uhi_verano+invierno,2026-06-01T09:40:00
colonia_laosiana,2026-06-14,5.69,12.29,18.12,15.28,20.02,23.41,0.4,,-0.38,-0.06,uhi_verano+invierno,2026-06-01T09:40:00
complejo_gervasio_artigas,2026-06-01,9.42,11.41,13.29,20.4,21.35,22.3,0.0,3.0,0.0,-0.09,uhi_verano+invierno,2026-06-01T09:40:00
complejo_gervasio_artigas,2026-06-02,9.82,11.11,13.3,21.51,22.5,23.5,0.0,3.0,0.0,-0.09,uhi_verano+invierno,2026-06-01T09:40:00
complejo_gervasio_artigas,2026-06-03,11.62,12.71,14.9,22.71,24.2,25.0,0.0,3.0,0.0,-0.09,uhi_verano+invierno,2026-06-01T09:40:00
complejo_gervasio_artigas,2026-06-04,11.91,13.41,16.1,22.72,23.9,24.79,0.0,3.0,0.0,-0.09,uhi_verano+invierno,2026-06-01T09:40:00
complejo_gervasio_artigas,2026-06-05,13.12,15.61,16.91,23.81,25.35,26.59,0.0,3.0,0.0,-0.09,uhi_verano+invierno,2026-06-01T09:40:00
complejo_gervasio_artigas,2026-06-06,13.41,15.66,19.31,19.91,23.9,27.17,0.0,3.0,0.0,-0.09,uhi_verano+invierno,2026-06-01T09:40:00
complejo_gervasio_artigas,2026-06-07,13.33,15.96,18.81,19.61,21.85,25.59,0.0,3.0,0.0,-0.09,uhi_verano+invierno,2026-06-01T09:40:00
complejo_gervasio_artigas,2026-06-08,12.12,14.56,16.6,17.3,21.05,24.47,1.25,,0.0,-0.09,uhi_verano+invierno,2026-06-01T09:40:00
complejo_gervasio_artigas,2026-06-09,7.66,13.41,16.1,16.61,18.35,22.09,0.6,,0.0,-0.09,uhi_verano+invierno,2026-06-01T09:40:00
complejo_gervasio_artigas,2026-06-10,6.02,11.26,15.29,15.72,18.85,22.49,0.2,,0.0,-0.09,uhi_verano+invierno,2026-06-01T09:40:00
complejo_gervasio_artigas,2026-06-11,6.06,10.26,14.5,16.72,19.6,24.25,0.02,,0.0,-0.09,uhi_verano+invierno,2026-06-01T09:40:00
complejo_gervasio_artigas,2026-06-12,6.43,12.01,16.7,16.61,19.8,24.89,0.0,,0.0,-0.09,uhi_verano+invierno,2026-06-01T09:40:00
complejo_gervasio_artigas,2026-06-13,7.42,12.26,17.71,17.4,20.7,23.69,0.1,,0.0,-0.09,uhi_verano+invierno,2026-06-01T09:40:00
complejo_gervasio_artigas,2026-06-14,5.66,12.26,18.09,15.66,20.4,23.79,0.4,,0.0,-0.09,uhi_verano+invierno,2026-06-01T09:40:00
complejo_habitacional_virgen_de_fatima,2026-06-01,10.13,12.12,14.0,22.16,23.11,24.06,0.0,3.0,1.76,0.62,uhi_verano+invierno,2026-06-01T09:40:00
complejo_habitacional_virgen_de_fatima,2026-06-02,10.53,11.82,14.01,23.27,24.26,25.26,0.0,3.0,1.76,0.62,uhi_verano+invierno,2026-06-01T09:40:00
complejo_habitacional_virgen_de_fatima,2026-06-03,12.33,13.42,15.61,24.47,25.96,26.76,0.0,3.0,1.76,0.62,uhi_verano+invierno,2026-06-01T09:40:00
complejo_habitacional_virgen_de_fatima,2026-06-04,12.62,14.12,16.81,24.48,25.66,26.55,0.0,3.0,1.76,0.62,uhi_verano+invierno,2026-06-01T09:40:00
complejo_habitacional_virgen_de_fatima,2026-06-05,13.83,16.32,17.62,25.57,27.11,28.35,0.0,3.0,1.76,0.62,uhi_verano+invierno,2026-06-01T09:40:00
complejo_habitacional_virgen_de_fatima,2026-06-06,14.12,16.37,20.02,21.67,25.66,28.93,0.0,3.0,1.76,0.62,uhi_verano+invierno,2026-06-01T09:40:00
complejo_habitacional_virgen_de_fatima,2026-06-07,14.04,16.67,19.52,21.37,23.61,27.35,0.0,3.0,1.76,0.62,uhi_verano+invierno,2026-06-01T09:40:00
complejo_habitacional_virgen_de_fatima,2026-06-08,12.83,15.27,17.31,19.06,22.81,26.23,1.25,,1.76,0.62,uhi_verano+invierno,2026-06-01T09:40:00
complejo_habitacional_virgen_de_fatima,2026-06-09,8.37,14.12,16.81,18.37,20.11,23.85,0.6,,1.76,0.62,uhi_verano+invierno,2026-06-01T09:40:00
complejo_habitacional_virgen_de_fatima,2026-06-10,6.73,11.97,16.0,17.48,20.61,24.25,0.2,,1.76,0.62,uhi_verano+invierno,2026-06-01T09:40:00
complejo_habitacional_virgen_de_fatima,2026-06-11,6.77,10.97,15.21,18.48,21.36,26.01,0.02,,1.76,0.62,uhi_verano+invierno,2026-06-01T09:40:00
complejo_habitacional_virgen_de_fatima,2026-06-12,7.14,12.72,17.41,18.37,21.56,26.65,0.0,,1.76,0.62,uhi_verano+invierno,2026-06-01T09:40:00
complejo_habitacional_virgen_de_fatima,2026-06-13,8.13,12.97,18.42,19.16,22.46,25.45,0.1,,1.76,0.62,uhi_verano+invierno,2026-06-01T09:40:00
complejo_habitacional_virgen_de_fatima,2026-06-14,6.37,12.97,18.8,17.42,22.16,25.55,0.4,,1.76,0.62,uhi_verano+invierno,2026-06-01T09:40:00
dm_itaembe_mini_este,2026-06-01,9.59,11.58,13.46,21.13,22.08,23.03,0.0,3.0,0.73,0.08,uhi_verano+invierno,2026-06-01T09:40:00
dm_itaembe_mini_este,2026-06-02,9.99,11.28,13.47,22.24,23.23,24.23,0.0,3.0,0.73,0.08,uhi_verano+invierno,2026-06-01T09:40:00
dm_itaembe_mini_este,2026-06-03,11.79,12.88,15.07,23.44,24.93,25.73,0.0,3.0,0.73,0.08,uhi_verano+invierno,2026-06-01T09:40:00
dm_itaembe_mini_este,2026-06-04,12.08,13.58,16.27,23.45,24.63,25.52,0.0,3.0,0.73,0.08,uhi_verano+invierno,2026-06-01T09:40:00
dm_itaembe_mini_este,2026-06-05,13.29,15.78,17.08,24.54,26.08,27.32,0.0,3.0,0.73,0.08,uhi_verano+invierno,2026-06-01T09:40:00
dm_itaembe_mini_este,2026-06-06,13.58,15.83,19.48,20.64,24.63,27.9,0.0,3.0,0.73,0.08,uhi_verano+invierno,2026-06-01T09:40:00
dm_itaembe_mini_este,2026-06-07,13.5,16.13,18.98,20.34,22.58,26.32,0.0,3.0,0.73,0.08,uhi_verano+invierno,2026-06-01T09:40:00
dm_itaembe_mini_este,2026-06-08,12.29,14.73,16.77,18.03,21.78,25.2,1.25,,0.73,0.08,uhi_verano+invierno,2026-06-01T09:40:00
dm_itaembe_mini_este,2026-06-09,7.83,13.58,16.27,17.34,19.08,22.82,0.6,,0.73,0.08,uhi_verano+invierno,2026-06-01T09:40:00
dm_itaembe_mini_este,2026-06-10,6.19,11.43,15.46,16.45,19.58,23.22,0.2,,0.73,0.08,uhi_verano+invierno,2026-06-01T09:40:00
dm_itaembe_mini_este,2026-06-11,6.23,10.43,14.67,17.45,20.33,24.98,0.02,,0.73,0.08,uhi_verano+invierno,2026-06-01T09:40:00
dm_itaembe_mini_este,2026-06-12,6.6,12.18,16.87,17.34,20.53,25.62,0.0,,0.73,0.08,uhi_verano+invierno,2026-06-01T09:40:00
dm_itaembe_mini_este,2026-06-13,7.59,12.43,17.88,18.13,21.43,24.42,0.1,,0.73,0.08,uhi_verano+invierno,2026-06-01T09:40:00
dm_itaembe_mini_este,2026-06-14,5.83,12.43,18.26,16.39,21.13,24.52,0.4,,0.73,0.08,uhi_verano+invierno,2026-06-01T09:40:00
dm_itaembe_mini_este_suroeste,2026-06-01,9.64,11.63,13.51,21.19,22.14,23.09,0.0,3.0,0.79,0.13,uhi_verano+invierno,2026-06-01T09:40:00
dm_itaembe_mini_este_suroeste,2026-06-02,10.04,11.33,13.52,22.3,23.29,24.29,0.0,3.0,0.79,0.13,uhi_verano+invierno,2026-06-01T09:40:00
dm_itaembe_mini_este_suroeste,2026-06-03,11.84,12.93,15.12,23.5,24.99,25.79,0.0,3.0,0.79,0.13,uhi_verano+invierno,2026-06-01T09:40:00
dm_itaembe_mini_este_suroeste,2026-06-04,12.13,13.63,16.32,23.51,24.69,25.58,0.0,3.0,0.79,0.13,uhi_verano+invierno,2026-06-01T09:40:00
dm_itaembe_mini_este_suroeste,2026-06-05,13.34,15.83,17.13,24.6,26.14,27.38,0.0,3.0,0.79,0.13,uhi_verano+invierno,2026-06-01T09:40:00
dm_itaembe_mini_este_suroeste,2026-06-06,13.63,15.88,19.53,20.7,24.69,27.96,0.0,3.0,0.79,0.13,uhi_verano+invierno,2026-06-01T09:40:00
dm_itaembe_mini_este_suroeste,2026-06-07,13.55,16.18,19.03,20.4,22.64,26.38,0.0,3.0,0.79,0.13,uhi_verano+invierno,2026-06-01T09:40:00
dm_itaembe_mini_este_suroeste,2026-06-08,12.34,14.78,16.82,18.09,21.84,25.26,1.25,,0.79,0.13,uhi_verano+invierno,2026-06-01T09:40:00
dm_itaembe_mini_este_suroeste,2026-06-09,7.88,13.63,16.32,17.4,19.14,22.88,0.6,,0.79,0.13,uhi_verano+invierno,2026-06-01T09:40:00
dm_itaembe_mini_este_suroeste,2026-06-10,6.24,11.48,15.51,16.51,19.64,23.28,0.2,,0.79,0.13,uhi_verano+invierno,2026-06-01T09:40:00
dm_itaembe_mini_este_suroeste,2026-06-11,6.28,10.48,14.72,17.51,20.39,25.04,0.02,,0.79,0.13,uhi_verano+invierno,2026-06-01T09:40:00
dm_itaembe_mini_este_suroeste,2026-06-12,6.65,12.23,16.92,17.4,20.59,25.68,0.0,,0.79,0.13,uhi_verano+invierno,2026-06-01T09:40:00
dm_itaembe_mini_este_suroeste,2026-06-13,7.64,12.48,17.93,18.19,21.49,24.48,0.1,,0.79,0.13,uhi_verano+invierno,2026-06-01T09:40:00
dm_itaembe_mini_este_suroeste,2026-06-14,5.88,12.48,18.31,16.45,21.19,24.58,0.4,,0.79,0.13,uhi_verano+invierno,2026-06-01T09:40:00
dm_miguel_lanus,2026-06-01,9.67,11.66,13.54,20.49,21.44,22.39,0.0,3.0,0.09,0.16,uhi_verano+invierno,2026-06-01T09:40:00
dm_miguel_lanus,2026-06-02,10.07,11.36,13.55,21.6,22.59,23.59,0.0,3.0,0.09,0.16,uhi_verano+invierno,2026-06-01T09:40:00
dm_miguel_lanus,2026-06-03,11.87,12.96,15.15,22.8,24.29,25.09,0.0,3.0,0.09,0.16,uhi_verano+invierno,2026-06-01T09:40:00
dm_miguel_lanus,2026-06-04,12.16,13.66,16.35,22.81,23.99,24.88,0.0,3.0,0.09,0.16,uhi_verano+invierno,2026-06-01T09:40:00
dm_miguel_lanus,2026-06-05,13.37,15.86,17.16,23.9,25.44,26.68,0.0,3.0,0.09,0.16,uhi_verano+invierno,2026-06-01T09:40:00
dm_miguel_lanus,2026-06-06,13.66,15.91,19.56,20.0,23.99,27.26,0.0,3.0,0.09,0.16,uhi_verano+invierno,2026-06-01T09:40:00
dm_miguel_lanus,2026-06-07,13.58,16.21,19.06,19.7,21.94,25.68,0.0,3.0,0.09,0.16,uhi_verano+invierno,2026-06-01T09:40:00
dm_miguel_lanus,2026-06-08,12.37,14.81,16.85,17.39,21.14,24.56,1.25,,0.09,0.16,uhi_verano+invierno,2026-06-01T09:40:00
dm_miguel_lanus,2026-06-09,7.91,13.66,16.35,16.7,18.44,22.18,0.6,,0.09,0.16,uhi_verano+invierno,2026-06-01T09:40:00
dm_miguel_lanus,2026-06-10,6.27,11.51,15.54,15.81,18.94,22.58,0.2,,0.09,0.16,uhi_verano+invierno,2026-06-01T09:40:00
dm_miguel_lanus,2026-06-11,6.31,10.51,14.75,16.81,19.69,24.34,0.02,,0.09,0.16,uhi_verano+invierno,2026-06-01T09:40:00
dm_miguel_lanus,2026-06-12,6.68,12.26,16.95,16.7,19.89,24.98,0.0,,0.09,0.16,uhi_verano+invierno,2026-06-01T09:40:00
dm_miguel_lanus,2026-06-13,7.67,12.51,17.96,17.49,20.79,23.78,0.1,,0.09,0.16,uhi_verano+invierno,2026-06-01T09:40:00
dm_miguel_lanus,2026-06-14,5.91,12.51,18.34,15.75,20.49,23.88,0.4,,0.09,0.16,uhi_verano+invierno,2026-06-01T09:40:00
dm_miguel_lanus_sur,2026-06-01,9.51,11.5,13.38,20.4,21.35,22.3,0.0,3.0,0.0,0.0,ninguno,2026-06-01T09:40:00
dm_miguel_lanus_sur,2026-06-02,9.91,11.2,13.39,21.51,22.5,23.5,0.0,3.0,0.0,0.0,ninguno,2026-06-01T09:40:00
dm_miguel_lanus_sur,2026-06-03,11.71,12.8,14.99,22.71,24.2,25.0,0.0,3.0,0.0,0.0,ninguno,2026-06-01T09:40:00
dm_miguel_lanus_sur,2026-06-04,12.0,13.5,16.19,22.72,23.9,24.79,0.0,3.0,0.0,0.0,ninguno,2026-06-01T09:40:00
dm_miguel_lanus_sur,2026-06-05,13.21,15.7,17.0,23.81,25.35,26.59,0.0,3.0,0.0,0.0,ninguno,2026-06-01T09:40:00
dm_miguel_lanus_sur,2026-06-06,13.5,15.75,19.4,19.91,23.9,27.17,0.0,3.0,0.0,0.0,ninguno,2026-06-01T09:40:00
dm_miguel_lanus_sur,2026-06-07,13.42,16.05,18.9,19.61,21.85,25.59,0.0,3.0,0.0,0.0,ninguno,2026-06-01T09:40:00
dm_miguel_lanus_sur,2026-06-08,12.21,14.65,16.69,17.3,21.05,24.47,1.25,,0.0,0.0,ninguno,2026-06-01T09:40:00
dm_miguel_lanus_sur,2026-06-09,7.75,13.5,16.19,16.61,18.35,22.09,0.6,,0.0,0.0,ninguno,2026-06-01T09:40:00
dm_miguel_lanus_sur,2026-06-10,6.11,11.35,15.38,15.72,18.85,22.49,0.2,,0.0,0.0,ninguno,2026-06-01T09:40:00
dm_miguel_lanus_sur,2026-06-11,6.15,10.35,14.59,16.72,19.6,24.25,0.02,,0.0,0.0,ninguno,2026-06-01T09:40:00
dm_miguel_lanus_sur,2026-06-12,6.52,12.1,16.79,16.61,19.8,24.89,0.0,,0.0,0.0,ninguno,2026-06-01T09:40:00
dm_miguel_lanus_sur,2026-06-13,7.51,12.35,17.8,17.4,20.7,23.69,0.1,,0.0,0.0,ninguno,2026-06-01T09:40:00
dm_miguel_lanus_sur,2026-06-14,5.75,12.35,18.18,15.66,20.4,23.79,0.4,,0.0,0.0,ninguno,2026-06-01T09:40:00
dm_santa_rita,2026-06-01,9.67,11.66,13.54,21.5,22.45,23.4,0.0,3.0,1.1,0.16,uhi_verano+invierno,2026-06-01T09:40:00
dm_santa_rita,2026-06-02,10.07,11.36,13.55,22.61,23.6,24.6,0.0,3.0,1.1,0.16,uhi_verano+invierno,2026-06-01T09:40:00
dm_santa_rita,2026-06-03,11.87,12.96,15.15,23.81,25.3,26.1,0.0,3.0,1.1,0.16,uhi_verano+invierno,2026-06-01T09:40:00
dm_santa_rita,2026-06-04,12.16,13.66,16.35,23.82,25.0,25.89,0.0,3.0,1.1,0.16,uhi_verano+invierno,2026-06-01T09:40:00
dm_santa_rita,2026-06-05,13.37,15.86,17.16,24.91,26.45,27.69,0.0,3.0,1.1,0.16,uhi_verano+invierno,2026-06-01T09:40:00
dm_santa_rita,2026-06-06,13.66,15.91,19.56,21.01,25.0,28.27,0.0,3.0,1.1,0.16,uhi_verano+invierno,2026-06-01T09:40:00
dm_santa_rita,2026-06-07,13.58,16.21,19.06,20.71,22.95,26.69,0.0,3.0,1.1,0.16,uhi_verano+invierno,2026-06-01T09:40:00
dm_santa_rita,2026-06-08,12.37,14.81,16.85,18.4,22.15,25.57,1.25,,1.1,0.16,uhi_verano+invierno,2026-06-01T09:40:00
dm_santa_rita,2026-06-09,7.91,13.66,16.35,17.71,19.45,23.19,0.6,,1.1,0.16,uhi_verano+invierno,2026-06-01T09:40:00
dm_santa_rita,2026-06-10,6.27,11.51,15.54,16.82,19.95,23.59,0.2,,1.1,0.16,uhi_verano+invierno,2026-06-01T09:40:00
dm_santa_rita,2026-06-11,6.31,10.51,14.75,17.82,20.7,25.35,0.02,,1.1,0.16,uhi_verano+invierno,2026-06-01T09:40:00
dm_santa_rita,2026-06-12,6.68,12.26,16.95,17.71,20.9,25.99,0.0,,1.1,0.16,uhi_verano+invierno,2026-06-01T09:40:00
dm_santa_rita,2026-06-13,7.67,12.51,17.96,18.5,21.8,24.79,0.1,,1.1,0.16,uhi_verano+invierno,2026-06-01T09:40:00
dm_santa_rita,2026-06-14,5.91,12.51,18.34,16.76,21.5,24.89,0.4,,1.1,0.16,uhi_verano+invierno,2026-06-01T09:40:00
dm_santa_rita_suroeste,2026-06-01,9.64,11.63,13.51,21.83,22.78,23.73,0.0,3.0,1.43,0.13,uhi_verano+invierno,2026-06-01T09:40:00
dm_santa_rita_suroeste,2026-06-02,10.04,11.33,13.52,22.94,23.93,24.93,0.0,3.0,1.43,0.13,uhi_verano+invierno,2026-06-01T09:40:00
dm_santa_rita_suroeste,2026-06-03,11.84,12.93,15.12,24.14,25.63,26.43,0.0,3.0,1.43,0.13,uhi_verano+invierno,2026-06-01T09:40:00
dm_santa_rita_suroeste,2026-06-04,12.13,13.63,16.32,24.15,25.33,26.22,0.0,3.0,1.43,0.13,uhi_verano+invierno,2026-06-01T09:40:00
dm_santa_rita_suroeste,2026-06-05,13.34,15.83,17.13,25.24,26.78,28.02,0.0,3.0,1.43,0.13,uhi_verano+invierno,2026-06-01T09:40:00
dm_santa_rita_suroeste,2026-06-06,13.63,15.88,19.53,21.34,25.33,28.6,0.0,3.0,1.43,0.13,uhi_verano+invierno,2026-06-01T09:40:00
dm_santa_rita_suroeste,2026-06-07,13.55,16.18,19.03,21.04,23.28,27.02,0.0,3.0,1.43,0.13,uhi_verano+invierno,2026-06-01T09:40:00
dm_santa_rita_suroeste,2026-06-08,12.34,14.78,16.82,18.73,22.48,25.9,1.25,,1.43,0.13,uhi_verano+invierno,2026-06-01T09:40:00
dm_santa_rita_suroeste,2026-06-09,7.88,13.63,16.32,18.04,19.78,23.52,0.6,,1.43,0.13,uhi_verano+invierno,2026-06-01T09:40:00
dm_santa_rita_suroeste,2026-06-10,6.24,11.48,15.51,17.15,20.28,23.92,0.2,,1.43,0.13,uhi_verano+invierno,2026-06-01T09:40:00
dm_santa_rita_suroeste,2026-06-11,6.28,10.48,14.72,18.15,21.03,25.68,0.02,,1.43,0.13,uhi_verano+invierno,2026-06-01T09:40:00
dm_santa_rita_suroeste,2026-06-12,6.65,12.23,16.92,18.04,21.23,26.32,0.0,,1.43,0.13,uhi_verano+invierno,2026-06-01T09:40:00
dm_santa_rita_suroeste,2026-06-13,7.64,12.48,17.93,18.83,22.13,25.12,0.1,,1.43,0.13,uhi_verano+invierno,2026-06-01T09:40:00
dm_santa_rita_suroeste,2026-06-14,5.88,12.48,18.31,17.09,21.83,25.22,0.4,,1.43,0.13,uhi_verano+invierno,2026-06-01T09:40:00
dm_villa_urquiza,2026-06-01,9.76,11.75,13.63,22.0,22.95,23.9,0.0,3.0,1.6,0.25,uhi_verano+invierno,2026-06-01T09:40:00
dm_villa_urquiza,2026-06-02,10.16,11.45,13.64,23.11,24.1,25.1,0.0,3.0,1.6,0.25,uhi_verano+invierno,2026-06-01T09:40:00
dm_villa_urquiza,2026-06-03,11.96,13.05,15.24,24.31,25.8,26.6,0.0,3.0,1.6,0.25,uhi_verano+invierno,2026-06-01T09:40:00
dm_villa_urquiza,2026-06-04,12.25,13.75,16.44,24.32,25.5,26.39,0.0,3.0,1.6,0.25,uhi_verano+invierno,2026-06-01T09:40:00
dm_villa_urquiza,2026-06-05,13.46,15.95,17.25,25.41,26.95,28.19,0.0,3.0,1.6,0.25,uhi_verano+invierno,2026-06-01T09:40:00
dm_villa_urquiza,2026-06-06,13.75,16.0,19.65,21.51,25.5,28.77,0.0,3.0,1.6,0.25,uhi_verano+invierno,2026-06-01T09:40:00
dm_villa_urquiza,2026-06-07,13.67,16.3,19.15,21.21,23.45,27.19,0.0,3.0,1.6,0.25,uhi_verano+invierno,2026-06-01T09:40:00
dm_villa_urquiza,2026-06-08,12.46,14.9,16.94,18.9,22.65,26.07,1.25,,1.6,0.25,uhi_verano+invierno,2026-06-01T09:40:00
dm_villa_urquiza,2026-06-09,8.0,13.75,16.44,18.21,19.95,23.69,0.6,,1.6,0.25,uhi_verano+invierno,2026-06-01T09:40:00
dm_villa_urquiza,2026-06-10,6.36,11.6,15.63,17.32,20.45,24.09,0.2,,1.6,0.25,uhi_verano+invierno,2026-06-01T09:40:00
dm_villa_urquiza,2026-06-11,6.4,10.6,14.84,18.32,21.2,25.85,0.02,,1.6,0.25,uhi_verano+invierno,2026-06-01T09:40:00
dm_villa_urquiza,2026-06-12,6.77,12.35,17.04,18.21,21.4,26.49,0.0,,1.6,0.25,uhi_verano+invierno,2026-06-01T09:40:00
dm_villa_urquiza,2026-06-13,7.76,12.6,18.05,19.0,22.3,25.29,0.1,,1.6,0.25,uhi_verano+invierno,2026-06-01T09:40:00
dm_villa_urquiza,2026-06-14,6.0,12.6,18.43,17.26,22.0,25.39,0.4,,1.6,0.25,uhi_verano+invierno,2026-06-01T09:40:00
dm_villa_urquiza_sureste,2026-06-01,9.84,11.83,13.71,21.85,22.8,23.75,0.0,3.0,1.45,0.33,uhi_verano+invierno,2026-06-01T09:40:00
dm_villa_urquiza_sureste,2026-06-02,10.24,11.53,13.72,22.96,23.95,24.95,0.0,3.0,1.45,0.33,uhi_verano+invierno,2026-06-01T09:40:00
dm_villa_urquiza_sureste,2026-06-03,12.04,13.13,15.32,24.16,25.65,26.45,0.0,3.0,1.45,0.33,uhi_verano+invierno,2026-06-01T09:40:00
dm_villa_urquiza_sureste,2026-06-04,12.33,13.83,16.52,24.17,25.35,26.24,0.0,3.0,1.45,0.33,uhi_verano+invierno,2026-06-01T09:40:00
dm_villa_urquiza_sureste,2026-06-05,13.54,16.03,17.33,25.26,26.8,28.04,0.0,3.0,1.45,0.33,uhi_verano+invierno,2026-06-01T09:40:00
dm_villa_urquiza_sureste,2026-06-06,13.83,16.08,19.73,21.36,25.35,28.62,0.0,3.0,1.45,0.33,uhi_verano+invierno,2026-06-01T09:40:00
dm_villa_urquiza_sureste,2026-06-07,13.75,16.38,19.23,21.06,23.3,27.04,0.0,3.0,1.45,0.33,uhi_verano+invierno,2026-06-01T09:40:00
dm_villa_urquiza_sureste,2026-06-08,12.54,14.98,17.02,18.75,22.5,25.92,1.25,,1.45,0.33,uhi_verano+invierno,2026-06-01T09:40:00
dm_villa_urquiza_sureste,2026-06-09,8.08,13.83,16.52,18.06,19.8,23.54,0.6,,1.45,0.33,uhi_verano+invierno,2026-06-01T09:40:00
dm_villa_urquiza_sureste,2026-06-10,6.44,11.68,15.71,17.17,20.3,23.94,0.2,,1.45,0.33,uhi_verano+invierno,2026-06-01T09:40:00
dm_villa_urquiza_sureste,2026-06-11,6.48,10.68,14.92,18.17,21.05,25.7,0.02,,1.45,0.33,uhi_verano+invierno,2026-06-01T09:40:00
dm_villa_urquiza_sureste,2026-06-12,6.85,12.43,17.12,18.06,21.25,26.34,0.0,,1.45,0.33,uhi_verano+invierno,2026-06-01T09:40:00
dm_villa_urquiza_sureste,2026-06-13,7.84,12.68,18.13,18.85,22.15,25.14,0.1,,1.45,0.33,uhi_verano+invierno,2026-06-01T09:40:00
dm_villa_urquiza_sureste,2026-06-14,6.08,12.68,18.51,17.11,21.85,25.24,0.4,,1.45,0.33,uhi_verano+invierno,2026-06-01T09:40:00
don_santiago,2026-06-01,9.79,11.78,13.66,21.32,22.27,23.22,0.0,3.0,0.92,0.28,uhi_verano+invierno,2026-06-01T09:40:00
don_santiago,2026-06-02,10.19,11.48,13.67,22.43,23.42,24.42,0.0,3.0,0.92,0.28,uhi_verano+invierno,2026-06-01T09:40:00
don_santiago,2026-06-03,11.99,13.08,15.27,23.63,25.12,25.92,0.0,3.0,0.92,0.28,uhi_verano+invierno,2026-06-01T09:40:00
don_santiago,2026-06-04,12.28,13.78,16.47,23.64,24.82,25.71,0.0,3.0,0.92,0.28,uhi_verano+invierno,2026-06-01T09:40:00
don_santiago,2026-06-05,13.49,15.98,17.28,24.73,26.27,27.51,0.0,3.0,0.92,0.28,uhi_verano+invierno,2026-06-01T09:40:00
don_santiago,2026-06-06,13.78,16.03,19.68,20.83,24.82,28.09,0.0,3.0,0.92,0.28,uhi_verano+invierno,2026-06-01T09:40:00
don_santiago,2026-06-07,13.7,16.33,19.18,20.53,22.77,26.51,0.0,3.0,0.92,0.28,uhi_verano+invierno,2026-06-01T09:40:00
don_santiago,2026-06-08,12.49,14.93,16.97,18.22,21.97,25.39,1.25,,0.92,0.28,uhi_verano+invierno,2026-06-01T09:40:00
don_santiago,2026-06-09,8.03,13.78,16.47,17.53,19.27,23.01,0.6,,0.92,0.28,uhi_verano+invierno,2026-06-01T09:40:00
don_santiago,2026-06-10,6.39,11.63,15.66,16.64,19.77,23.41,0.2,,0.92,0.28,uhi_verano+invierno,2026-06-01T09:40:00
don_santiago,2026-06-11,6.43,10.63,14.87,17.64,20.52,25.17,0.02,,0.92,0.28,uhi_verano+invierno,2026-06-01T09:40:00
don_santiago,2026-06-12,6.8,12.38,17.07,17.53,20.72,25.81,0.0,,0.92,0.28,uhi_verano+invierno,2026-06-01T09:40:00
don_santiago,2026-06-13,7.79,12.63,18.08,18.32,21.62,24.61,0.1,,0.92,0.28,uhi_verano+invierno,2026-06-01T09:40:00
don_santiago,2026-06-14,6.03,12.63,18.46,16.58,21.32,24.71,0.4,,0.92,0.28,uhi_verano+invierno,2026-06-01T09:40:00
el_brete,2026-06-01,9.78,11.77,13.65,21.18,22.13,23.08,0.0,3.0,0.78,0.27,uhi_verano+invierno,2026-06-01T09:40:00
el_brete,2026-06-02,10.18,11.47,13.66,22.29,23.28,24.28,0.0,3.0,0.78,0.27,uhi_verano+invierno,2026-06-01T09:40:00
el_brete,2026-06-03,11.98,13.07,15.26,23.49,24.98,25.78,0.0,3.0,0.78,0.27,uhi_verano+invierno,2026-06-01T09:40:00
el_brete,2026-06-04,12.27,13.77,16.46,23.5,24.68,25.57,0.0,3.0,0.78,0.27,uhi_verano+invierno,2026-06-01T09:40:00
el_brete,2026-06-05,13.48,15.97,17.27,24.59,26.13,27.37,0.0,3.0,0.78,0.27,uhi_verano+invierno,2026-06-01T09:40:00
el_brete,2026-06-06,13.77,16.02,19.67,20.69,24.68,27.95,0.0,3.0,0.78,0.27,uhi_verano+invierno,2026-06-01T09:40:00
el_brete,2026-06-07,13.69,16.32,19.17,20.39,22.63,26.37,0.0,3.0,0.78,0.27,uhi_verano+invierno,2026-06-01T09:40:00
el_brete,2026-06-08,12.48,14.92,16.96,18.08,21.83,25.25,1.25,,0.78,0.27,uhi_verano+invierno,2026-06-01T09:40:00
el_brete,2026-06-09,8.02,13.77,16.46,17.39,19.13,22.87,0.6,,0.78,0.27,uhi_verano+invierno,2026-06-01T09:40:00
el_brete,2026-06-10,6.38,11.62,15.65,16.5,19.63,23.27,0.2,,0.78,0.27,uhi_verano+invierno,2026-06-01T09:40:00
el_brete,2026-06-11,6.42,10.62,14.86,17.5,20.38,25.03,0.02,,0.78,0.27,uhi_verano+invierno,2026-06-01T09:40:00
el_brete,2026-06-12,6.79,12.37,17.06,17.39,20.58,25.67,0.0,,0.78,0.27,uhi_verano+invierno,2026-06-01T09:40:00
el_brete,2026-06-13,7.78,12.62,18.07,18.18,21.48,24.47,0.1,,0.78,0.27,uhi_verano+invierno,2026-06-01T09:40:00
el_brete,2026-06-14,6.02,12.62,18.45,16.44,21.18,24.57,0.4,,0.78,0.27,uhi_verano+invierno,2026-06-01T09:40:00
el_laurel,2026-06-01,9.4,11.39,13.27,19.6,20.55,21.5,0.0,3.0,-0.8,-0.11,uhi_verano+invierno,2026-06-01T09:40:00
el_laurel,2026-06-02,9.8,11.09,13.28,20.71,21.7,22.7,0.0,3.0,-0.8,-0.11,uhi_verano+invierno,2026-06-01T09:40:00
el_laurel,2026-06-03,11.6,12.69,14.88,21.91,23.4,24.2,0.0,3.0,-0.8,-0.11,uhi_verano+invierno,2026-06-01T09:40:00
el_laurel,2026-06-04,11.89,13.39,16.08,21.92,23.1,23.99,0.0,3.0,-0.8,-0.11,uhi_verano+invierno,2026-06-01T09:40:00
el_laurel,2026-06-05,13.1,15.59,16.89,23.01,24.55,25.79,0.0,3.0,-0.8,-0.11,uhi_verano+invierno,2026-06-01T09:40:00
el_laurel,2026-06-06,13.39,15.64,19.29,19.11,23.1,26.37,0.0,3.0,-0.8,-0.11,uhi_verano+invierno,2026-06-01T09:40:00
el_laurel,2026-06-07,13.31,15.94,18.79,18.81,21.05,24.79,0.0,3.0,-0.8,-0.11,uhi_verano+invierno,2026-06-01T09:40:00
el_laurel,2026-06-08,12.1,14.54,16.58,16.5,20.25,23.67,1.25,,-0.8,-0.11,uhi_verano+invierno,2026-06-01T09:40:00
el_laurel,2026-06-09,7.64,13.39,16.08,15.81,17.55,21.29,0.6,,-0.8,-0.11,uhi_verano+invierno,2026-06-01T09:40:00
el_laurel,2026-06-10,6.0,11.24,15.27,14.92,18.05,21.69,0.2,,-0.8,-0.11,uhi_verano+invierno,2026-06-01T09:40:00
el_laurel,2026-06-11,6.04,10.24,14.48,15.92,18.8,23.45,0.02,,-0.8,-0.11,uhi_verano+invierno,2026-06-01T09:40:00
el_laurel,2026-06-12,6.41,11.99,16.68,15.81,19.0,24.09,0.0,,-0.8,-0.11,uhi_verano+invierno,2026-06-01T09:40:00
el_laurel,2026-06-13,7.4,12.24,17.69,16.6,19.9,22.89,0.1,,-0.8,-0.11,uhi_verano+invierno,2026-06-01T09:40:00
el_laurel,2026-06-14,5.64,12.24,18.07,14.86,19.6,22.99,0.4,,-0.8,-0.11,uhi_verano+invierno,2026-06-01T09:40:00
el_palomar,2026-06-01,9.63,11.62,13.5,22.15,23.1,24.05,0.0,3.0,1.75,0.12,uhi_verano+invierno,2026-06-01T09:40:00
el_palomar,2026-06-02,10.03,11.32,13.51,23.26,24.25,25.25,0.0,3.0,1.75,0.12,uhi_verano+invierno,2026-06-01T09:40:00
el_palomar,2026-06-03,11.83,12.92,15.11,24.46,25.95,26.75,0.0,3.0,1.75,0.12,uhi_verano+invierno,2026-06-01T09:40:00
el_palomar,2026-06-04,12.12,13.62,16.31,24.47,25.65,26.54,0.0,3.0,1.75,0.12,uhi_verano+invierno,2026-06-01T09:40:00
el_palomar,2026-06-05,13.33,15.82,17.12,25.56,27.1,28.34,0.0,3.0,1.75,0.12,uhi_verano+invierno,2026-06-01T09:40:00
el_palomar,2026-06-06,13.62,15.87,19.52,21.66,25.65,28.92,0.0,3.0,1.75,0.12,uhi_verano+invierno,2026-06-01T09:40:00
el_palomar,2026-06-07,13.54,16.17,19.02,21.36,23.6,27.34,0.0,3.0,1.75,0.12,uhi_verano+invierno,2026-06-01T09:40:00
el_palomar,2026-06-08,12.33,14.77,16.81,19.05,22.8,26.22,1.25,,1.75,0.12,uhi_verano+invierno,2026-06-01T09:40:00
el_palomar,2026-06-09,7.87,13.62,16.31,18.36,20.1,23.84,0.6,,1.75,0.12,uhi_verano+invierno,2026-06-01T09:40:00
el_palomar,2026-06-10,6.23,11.47,15.5,17.47,20.6,24.24,0.2,,1.75,0.12,uhi_verano+invierno,2026-06-01T09:40:00
el_palomar,2026-06-11,6.27,10.47,14.71,18.47,21.35,26.0,0.02,,1.75,0.12,uhi_verano+invierno,2026-06-01T09:40:00
el_palomar,2026-06-12,6.64,12.22,16.91,18.36,21.55,26.64,0.0,,1.75,0.12,uhi_verano+invierno,2026-06-01T09:40:00
el_palomar,2026-06-13,7.63,12.47,17.92,19.15,22.45,25.44,0.1,,1.75,0.12,uhi_verano+invierno,2026-06-01T09:40:00
el_palomar,2026-06-14,5.87,12.47,18.3,17.41,22.15,25.54,0.4,,1.75,0.12,uhi_verano+invierno,2026-06-01T09:40:00
el_portal,2026-06-01,9.78,11.77,13.65,21.18,22.13,23.08,0.0,3.0,0.78,0.27,uhi_verano+invierno,2026-06-01T09:40:00
el_portal,2026-06-02,10.18,11.47,13.66,22.29,23.28,24.28,0.0,3.0,0.78,0.27,uhi_verano+invierno,2026-06-01T09:40:00
el_portal,2026-06-03,11.98,13.07,15.26,23.49,24.98,25.78,0.0,3.0,0.78,0.27,uhi_verano+invierno,2026-06-01T09:40:00
el_portal,2026-06-04,12.27,13.77,16.46,23.5,24.68,25.57,0.0,3.0,0.78,0.27,uhi_verano+invierno,2026-06-01T09:40:00
el_portal,2026-06-05,13.48,15.97,17.27,24.59,26.13,27.37,0.0,3.0,0.78,0.27,uhi_verano+invierno,2026-06-01T09:40:00
el_portal,2026-06-06,13.77,16.02,19.67,20.69,24.68,27.95,0.0,3.0,0.78,0.27,uhi_verano+invierno,2026-06-01T09:40:00
el_portal,2026-06-07,13.69,16.32,19.17,20.39,22.63,26.37,0.0,3.0,0.78,0.27,uhi_verano+invierno,2026-06-01T09:40:00
el_portal,2026-06-08,12.48,14.92,16.96,18.08,21.83,25.25,1.25,,0.78,0.27,uhi_verano+invierno,2026-06-01T09:40:00
el_portal,2026-06-09,8.02,13.77,16.46,17.39,19.13,22.87,0.6,,0.78,0.27,uhi_verano+invierno,2026-06-01T09:40:00
el_portal,2026-06-10,6.38,11.62,15.65,16.5,19.63,23.27,0.2,,0.78,0.27,uhi_verano+invierno,2026-06-01T09:40:00
el_portal,2026-06-11,6.42,10.62,14.86,17.5,20.38,25.03,0.02,,0.78,0.27,uhi_verano+invierno,2026-06-01T09:40:00
el_portal,2026-06-12,6.79,12.37,17.06,17.39,20.58,25.67,0.0,,0.78,0.27,uhi_verano+invierno,2026-06-01T09:40:00
el_portal,2026-06-13,7.78,12.62,18.07,18.18,21.48,24.47,0.1,,0.78,0.27,uhi_verano+invierno,2026-06-01T09:40:00
el_portal,2026-06-14,6.02,12.62,18.45,16.44,21.18,24.57,0.4,,0.78,0.27,uhi_verano+invierno,2026-06-01T09:40:00
fatima,2026-06-01,9.79,11.78,13.66,20.98,21.93,22.88,0.0,3.0,0.58,0.28,uhi_verano+invierno,2026-06-01T09:40:00
fatima,2026-06-02,10.19,11.48,13.67,22.09,23.08,24.08,0.0,3.0,0.58,0.28,uhi_verano+invierno,2026-06-01T09:40:00
fatima,2026-06-03,11.99,13.08,15.27,23.29,24.78,25.58,0.0,3.0,0.58,0.28,uhi_verano+invierno,2026-06-01T09:40:00
fatima,2026-06-04,12.28,13.78,16.47,23.3,24.48,25.37,0.0,3.0,0.58,0.28,uhi_verano+invierno,2026-06-01T09:40:00
fatima,2026-06-05,13.49,15.98,17.28,24.39,25.93,27.17,0.0,3.0,0.58,0.28,uhi_verano+invierno,2026-06-01T09:40:00
fatima,2026-06-06,13.78,16.03,19.68,20.49,24.48,27.75,0.0,3.0,0.58,0.28,uhi_verano+invierno,2026-06-01T09:40:00
fatima,2026-06-07,13.7,16.33,19.18,20.19,22.43,26.17,0.0,3.0,0.58,0.28,uhi_verano+invierno,2026-06-01T09:40:00
fatima,2026-06-08,12.49,14.93,16.97,17.88,21.63,25.05,1.25,,0.58,0.28,uhi_verano+invierno,2026-06-01T09:40:00
fatima,2026-06-09,8.03,13.78,16.47,17.19,18.93,22.67,0.6,,0.58,0.28,uhi_verano+invierno,2026-06-01T09:40:00
fatima,2026-06-10,6.39,11.63,15.66,16.3,19.43,23.07,0.2,,0.58,0.28,uhi_verano+invierno,2026-06-01T09:40:00
fatima,2026-06-11,6.43,10.63,14.87,17.3,20.18,24.83,0.02,,0.58,0.28,uhi_verano+invierno,2026-06-01T09:40:00
fatima,2026-06-12,6.8,12.38,17.07,17.19,20.38,25.47,0.0,,0.58,0.28,uhi_verano+invierno,2026-06-01T09:40:00
fatima,2026-06-13,7.79,12.63,18.08,17.98,21.28,24.27,0.1,,0.58,0.28,uhi_verano+invierno,2026-06-01T09:40:00
fatima,2026-06-14,6.03,12.63,18.46,16.24,20.98,24.37,0.4,,0.58,0.28,uhi_verano+invierno,2026-06-01T09:40:00
fatima_sur,2026-06-01,9.51,11.5,13.38,20.4,21.35,22.3,0.0,3.0,0.0,0.0,ninguno,2026-06-01T09:40:00
fatima_sur,2026-06-02,9.91,11.2,13.39,21.51,22.5,23.5,0.0,3.0,0.0,0.0,ninguno,2026-06-01T09:40:00
fatima_sur,2026-06-03,11.71,12.8,14.99,22.71,24.2,25.0,0.0,3.0,0.0,0.0,ninguno,2026-06-01T09:40:00
fatima_sur,2026-06-04,12.0,13.5,16.19,22.72,23.9,24.79,0.0,3.0,0.0,0.0,ninguno,2026-06-01T09:40:00
fatima_sur,2026-06-05,13.21,15.7,17.0,23.81,25.35,26.59,0.0,3.0,0.0,0.0,ninguno,2026-06-01T09:40:00
fatima_sur,2026-06-06,13.5,15.75,19.4,19.91,23.9,27.17,0.0,3.0,0.0,0.0,ninguno,2026-06-01T09:40:00
fatima_sur,2026-06-07,13.42,16.05,18.9,19.61,21.85,25.59,0.0,3.0,0.0,0.0,ninguno,2026-06-01T09:40:00
fatima_sur,2026-06-08,12.21,14.65,16.69,17.3,21.05,24.47,1.25,,0.0,0.0,ninguno,2026-06-01T09:40:00
fatima_sur,2026-06-09,7.75,13.5,16.19,16.61,18.35,22.09,0.6,,0.0,0.0,ninguno,2026-06-01T09:40:00
fatima_sur,2026-06-10,6.11,11.35,15.38,15.72,18.85,22.49,0.2,,0.0,0.0,ninguno,2026-06-01T09:40:00
fatima_sur,2026-06-11,6.15,10.35,14.59,16.72,19.6,24.25,0.02,,0.0,0.0,ninguno,2026-06-01T09:40:00
fatima_sur,2026-06-12,6.52,12.1,16.79,16.61,19.8,24.89,0.0,,0.0,0.0,ninguno,2026-06-01T09:40:00
fatima_sur,2026-06-13,7.51,12.35,17.8,17.4,20.7,23.69,0.1,,0.0,0.0,ninguno,2026-06-01T09:40:00
fatima_sur,2026-06-14,5.75,12.35,18.18,15.66,20.4,23.79,0.4,,0.0,0.0,ninguno,2026-06-01T09:40:00
federal,2026-06-01,9.41,11.4,13.28,20.59,21.54,22.49,0.0,3.0,0.19,-0.1,uhi_verano+invierno,2026-06-01T09:40:00
federal,2026-06-02,9.81,11.1,13.29,21.7,22.69,23.69,0.0,3.0,0.19,-0.1,uhi_verano+invierno,2026-06-01T09:40:00
federal,2026-06-03,11.61,12.7,14.89,22.9,24.39,25.19,0.0,3.0,0.19,-0.1,uhi_verano+invierno,2026-06-01T09:40:00
federal,2026-06-04,11.9,13.4,16.09,22.91,24.09,24.98,0.0,3.0,0.19,-0.1,uhi_verano+invierno,2026-06-01T09:40:00
federal,2026-06-05,13.11,15.6,16.9,24.0,25.54,26.78,0.0,3.0,0.19,-0.1,uhi_verano+invierno,2026-06-01T09:40:00
federal,2026-06-06,13.4,15.65,19.3,20.1,24.09,27.36,0.0,3.0,0.19,-0.1,uhi_verano+invierno,2026-06-01T09:40:00
federal,2026-06-07,13.32,15.95,18.8,19.8,22.04,25.78,0.0,3.0,0.19,-0.1,uhi_verano+invierno,2026-06-01T09:40:00
federal,2026-06-08,12.11,14.55,16.59,17.49,21.24,24.66,1.25,,0.19,-0.1,uhi_verano+invierno,2026-06-01T09:40:00
federal,2026-06-09,7.65,13.4,16.09,16.8,18.54,22.28,0.6,,0.19,-0.1,uhi_verano+invierno,2026-06-01T09:40:00
federal,2026-06-10,6.01,11.25,15.28,15.91,19.04,22.68,0.2,,0.19,-0.1,uhi_verano+invierno,2026-06-01T09:40:00
federal,2026-06-11,6.05,10.25,14.49,16.91,19.79,24.44,0.02,,0.19,-0.1,uhi_verano+invierno,2026-06-01T09:40:00
federal,2026-06-12,6.42,12.0,16.69,16.8,19.99,25.08,0.0,,0.19,-0.1,uhi_verano+invierno,2026-06-01T09:40:00
federal,2026-06-13,7.41,12.25,17.7,17.59,20.89,23.88,0.1,,0.19,-0.1,uhi_verano+invierno,2026-06-01T09:40:00
federal,2026-06-14,5.65,12.25,18.08,15.85,20.59,23.98,0.4,,0.19,-0.1,uhi_verano+invierno,2026-06-01T09:40:00
horacio_quiroga,2026-06-01,9.58,11.57,13.45,20.8,21.75,22.7,0.0,3.0,0.4,0.07,uhi_verano+invierno,2026-06-01T09:40:00
horacio_quiroga,2026-06-02,9.98,11.27,13.46,21.91,22.9,23.9,0.0,3.0,0.4,0.07,uhi_verano+invierno,2026-06-01T09:40:00
horacio_quiroga,2026-06-03,11.78,12.87,15.06,23.11,24.6,25.4,0.0,3.0,0.4,0.07,uhi_verano+invierno,2026-06-01T09:40:00
horacio_quiroga,2026-06-04,12.07,13.57,16.26,23.12,24.3,25.19,0.0,3.0,0.4,0.07,uhi_verano+invierno,2026-06-01T09:40:00
horacio_quiroga,2026-06-05,13.28,15.77,17.07,24.21,25.75,26.99,0.0,3.0,0.4,0.07,uhi_verano+invierno,2026-06-01T09:40:00
horacio_quiroga,2026-06-06,13.57,15.82,19.47,20.31,24.3,27.57,0.0,3.0,0.4,0.07,uhi_verano+invierno,2026-06-01T09:40:00
horacio_quiroga,2026-06-07,13.49,16.12,18.97,20.01,22.25,25.99,0.0,3.0,0.4,0.07,uhi_verano+invierno,2026-06-01T09:40:00
horacio_quiroga,2026-06-08,12.28,14.72,16.76,17.7,21.45,24.87,1.25,,0.4,0.07,uhi_verano+invierno,2026-06-01T09:40:00
horacio_quiroga,2026-06-09,7.82,13.57,16.26,17.01,18.75,22.49,0.6,,0.4,0.07,uhi_verano+invierno,2026-06-01T09:40:00
horacio_quiroga,2026-06-10,6.18,11.42,15.45,16.12,19.25,22.89,0.2,,0.4,0.07,uhi_verano+invierno,2026-06-01T09:40:00
horacio_quiroga,2026-06-11,6.22,10.42,14.66,17.12,20.0,24.65,0.02,,0.4,0.07,uhi_verano+invierno,2026-06-01T09:40:00
horacio_quiroga,2026-06-12,6.59,12.17,16.86,17.01,20.2,25.29,0.0,,0.4,0.07,uhi_verano+invierno,2026-06-01T09:40:00
horacio_quiroga,2026-06-13,7.58,12.42,17.87,17.8,21.1,24.09,0.1,,0.4,0.07,uhi_verano+invierno,2026-06-01T09:40:00
horacio_quiroga,2026-06-14,5.82,12.42,18.25,16.06,20.8,24.19,0.4,,0.4,0.07,uhi_verano+invierno,2026-06-01T09:40:00
itaembe_guazu,2026-06-01,9.56,11.55,13.43,21.4,22.35,23.3,0.0,3.0,1.0,0.05,uhi_verano+invierno,2026-06-01T09:40:00
itaembe_guazu,2026-06-02,9.96,11.25,13.44,22.51,23.5,24.5,0.0,3.0,1.0,0.05,uhi_verano+invierno,2026-06-01T09:40:00
itaembe_guazu,2026-06-03,11.76,12.85,15.04,23.71,25.2,26.0,0.0,3.0,1.0,0.05,uhi_verano+invierno,2026-06-01T09:40:00
itaembe_guazu,2026-06-04,12.05,13.55,16.24,23.72,24.9,25.79,0.0,3.0,1.0,0.05,uhi_verano+invierno,2026-06-01T09:40:00
itaembe_guazu,2026-06-05,13.26,15.75,17.05,24.81,26.35,27.59,0.0,3.0,1.0,0.05,uhi_verano+invierno,2026-06-01T09:40:00
itaembe_guazu,2026-06-06,13.55,15.8,19.45,20.91,24.9,28.17,0.0,3.0,1.0,0.05,uhi_verano+invierno,2026-06-01T09:40:00
itaembe_guazu,2026-06-07,13.47,16.1,18.95,20.61,22.85,26.59,0.0,3.0,1.0,0.05,uhi_verano+invierno,2026-06-01T09:40:00
itaembe_guazu,2026-06-08,12.26,14.7,16.74,18.3,22.05,25.47,1.25,,1.0,0.05,uhi_verano+invierno,2026-06-01T09:40:00
itaembe_guazu,2026-06-09,7.8,13.55,16.24,17.61,19.35,23.09,0.6,,1.0,0.05,uhi_verano+invierno,2026-06-01T09:40:00
itaembe_guazu,2026-06-10,6.16,11.4,15.43,16.72,19.85,23.49,0.2,,1.0,0.05,uhi_verano+invierno,2026-06-01T09:40:00
itaembe_guazu,2026-06-11,6.2,10.4,14.64,17.72,20.6,25.25,0.02,,1.0,0.05,uhi_verano+invierno,2026-06-01T09:40:00
itaembe_guazu,2026-06-12,6.57,12.15,16.84,17.61,20.8,25.89,0.0,,1.0,0.05,uhi_verano+invierno,2026-06-01T09:40:00
itaembe_guazu,2026-06-13,7.56,12.4,17.85,18.4,21.7,24.69,0.1,,1.0,0.05,uhi_verano+invierno,2026-06-01T09:40:00
itaembe_guazu,2026-06-14,5.8,12.4,18.23,16.66,21.4,24.79,0.4,,1.0,0.05,uhi_verano+invierno,2026-06-01T09:40:00
itaembe_mini,2026-06-01,9.74,11.73,13.61,21.33,22.28,23.23,0.0,3.0,0.93,0.23,uhi_verano+invierno,2026-06-01T09:40:00
itaembe_mini,2026-06-02,10.14,11.43,13.62,22.44,23.43,24.43,0.0,3.0,0.93,0.23,uhi_verano+invierno,2026-06-01T09:40:00
itaembe_mini,2026-06-03,11.94,13.03,15.22,23.64,25.13,25.93,0.0,3.0,0.93,0.23,uhi_verano+invierno,2026-06-01T09:40:00
itaembe_mini,2026-06-04,12.23,13.73,16.42,23.65,24.83,25.72,0.0,3.0,0.93,0.23,uhi_verano+invierno,2026-06-01T09:40:00
itaembe_mini,2026-06-05,13.44,15.93,17.23,24.74,26.28,27.52,0.0,3.0,0.93,0.23,uhi_verano+invierno,2026-06-01T09:40:00
itaembe_mini,2026-06-06,13.73,15.98,19.63,20.84,24.83,28.1,0.0,3.0,0.93,0.23,uhi_verano+invierno,2026-06-01T09:40:00
itaembe_mini,2026-06-07,13.65,16.28,19.13,20.54,22.78,26.52,0.0,3.0,0.93,0.23,uhi_verano+invierno,2026-06-01T09:40:00
itaembe_mini,2026-06-08,12.44,14.88,16.92,18.23,21.98,25.4,1.25,,0.93,0.23,uhi_verano+invierno,2026-06-01T09:40:00
itaembe_mini,2026-06-09,7.98,13.73,16.42,17.54,19.28,23.02,0.6,,0.93,0.23,uhi_verano+invierno,2026-06-01T09:40:00
itaembe_mini,2026-06-10,6.34,11.58,15.61,16.65,19.78,23.42,0.2,,0.93,0.23,uhi_verano+invierno,2026-06-01T09:40:00
itaembe_mini,2026-06-11,6.38,10.58,14.82,17.65,20.53,25.18,0.02,,0.93,0.23,uhi_verano+invierno,2026-06-01T09:40:00
itaembe_mini,2026-06-12,6.75,12.33,17.02,17.54,20.73,25.82,0.0,,0.93,0.23,uhi_verano+invierno,2026-06-01T09:40:00
itaembe_mini,2026-06-13,7.74,12.58,18.03,18.33,21.63,24.62,0.1,,0.93,0.23,uhi_verano+invierno,2026-06-01T09:40:00
itaembe_mini,2026-06-14,5.98,12.58,18.41,16.59,21.33,24.72,0.4,,0.93,0.23,uhi_verano+invierno,2026-06-01T09:40:00
itaembe_pora,2026-06-01,9.74,11.73,13.61,21.46,22.41,23.36,0.0,3.0,1.06,0.23,uhi_verano+invierno,2026-06-01T09:40:00
itaembe_pora,2026-06-02,10.14,11.43,13.62,22.57,23.56,24.56,0.0,3.0,1.06,0.23,uhi_verano+invierno,2026-06-01T09:40:00
itaembe_pora,2026-06-03,11.94,13.03,15.22,23.77,25.26,26.06,0.0,3.0,1.06,0.23,uhi_verano+invierno,2026-06-01T09:40:00
itaembe_pora,2026-06-04,12.23,13.73,16.42,23.78,24.96,25.85,0.0,3.0,1.06,0.23,uhi_verano+invierno,2026-06-01T09:40:00
itaembe_pora,2026-06-05,13.44,15.93,17.23,24.87,26.41,27.65,0.0,3.0,1.06,0.23,uhi_verano+invierno,2026-06-01T09:40:00
itaembe_pora,2026-06-06,13.73,15.98,19.63,20.97,24.96,28.23,0.0,3.0,1.06,0.23,uhi_verano+invierno,2026-06-01T09:40:00
itaembe_pora,2026-06-07,13.65,16.28,19.13,20.67,22.91,26.65,0.0,3.0,1.06,0.23,uhi_verano+invierno,2026-06-01T09:40:00
itaembe_pora,2026-06-08,12.44,14.88,16.92,18.36,22.11,25.53,1.25,,1.06,0.23,uhi_verano+invierno,2026-06-01T09:40:00
itaembe_pora,2026-06-09,7.98,13.73,16.42,17.67,19.41,23.15,0.6,,1.06,0.23,uhi_verano+invierno,2026-06-01T09:40:00
itaembe_pora,2026-06-10,6.34,11.58,15.61,16.78,19.91,23.55,0.2,,1.06,0.23,uhi_verano+invierno,2026-06-01T09:40:00
itaembe_pora,2026-06-11,6.38,10.58,14.82,17.78,20.66,25.31,0.02,,1.06,0.23,uhi_verano+invierno,2026-06-01T09:40:00
itaembe_pora,2026-06-12,6.75,12.33,17.02,17.67,20.86,25.95,0.0,,1.06,0.23,uhi_verano+invierno,2026-06-01T09:40:00
itaembe_pora,2026-06-13,7.74,12.58,18.03,18.46,21.76,24.75,0.1,,1.06,0.23,uhi_verano+invierno,2026-06-01T09:40:00
itaembe_pora,2026-06-14,5.98,12.58,18.41,16.72,21.46,24.85,0.4,,1.06,0.23,uhi_verano+invierno,2026-06-01T09:40:00
la_eugenia,2026-06-01,9.31,11.3,13.18,20.45,21.4,22.35,0.0,3.0,0.05,-0.2,uhi_verano+invierno,2026-06-01T09:40:00
la_eugenia,2026-06-02,9.71,11.0,13.19,21.56,22.55,23.55,0.0,3.0,0.05,-0.2,uhi_verano+invierno,2026-06-01T09:40:00
la_eugenia,2026-06-03,11.51,12.6,14.79,22.76,24.25,25.05,0.0,3.0,0.05,-0.2,uhi_verano+invierno,2026-06-01T09:40:00
la_eugenia,2026-06-04,11.8,13.3,15.99,22.77,23.95,24.84,0.0,3.0,0.05,-0.2,uhi_verano+invierno,2026-06-01T09:40:00
la_eugenia,2026-06-05,13.01,15.5,16.8,23.86,25.4,26.64,0.0,3.0,0.05,-0.2,uhi_verano+invierno,2026-06-01T09:40:00
la_eugenia,2026-06-06,13.3,15.55,19.2,19.96,23.95,27.22,0.0,3.0,0.05,-0.2,uhi_verano+invierno,2026-06-01T09:40:00
la_eugenia,2026-06-07,13.22,15.85,18.7,19.66,21.9,25.64,0.0,3.0,0.05,-0.2,uhi_verano+invierno,2026-06-01T09:40:00
la_eugenia,2026-06-08,12.01,14.45,16.49,17.35,21.1,24.52,1.25,,0.05,-0.2,uhi_verano+invierno,2026-06-01T09:40:00
la_eugenia,2026-06-09,7.55,13.3,15.99,16.66,18.4,22.14,0.6,,0.05,-0.2,uhi_verano+invierno,2026-06-01T09:40:00
la_eugenia,2026-06-10,5.91,11.15,15.18,15.77,18.9,22.54,0.2,,0.05,-0.2,uhi_verano+invierno,2026-06-01T09:40:00
la_eugenia,2026-06-11,5.95,10.15,14.39,16.77,19.65,24.3,0.02,,0.05,-0.2,uhi_verano+invierno,2026-06-01T09:40:00
la_eugenia,2026-06-12,6.32,11.9,16.59,16.66,19.85,24.94,0.0,,0.05,-0.2,uhi_verano+invierno,2026-06-01T09:40:00
la_eugenia,2026-06-13,7.31,12.15,17.6,17.45,20.75,23.74,0.1,,0.05,-0.2,uhi_verano+invierno,2026-06-01T09:40:00
la_eugenia,2026-06-14,5.55,12.15,17.98,15.71,20.45,23.84,0.4,,0.05,-0.2,uhi_verano+invierno,2026-06-01T09:40:00
las_dolores,2026-06-01,9.69,11.68,13.56,21.37,22.32,23.27,0.0,3.0,0.97,0.18,uhi_verano+invierno,2026-06-01T09:40:00
las_dolores,2026-06-02,10.09,11.38,13.57,22.48,23.47,24.47,0.0,3.0,0.97,0.18,uhi_verano+invierno,2026-06-01T09:40:00
las_dolores,2026-06-03,11.89,12.98,15.17,23.68,25.17,25.97,0.0,3.0,0.97,0.18,uhi_verano+invierno,2026-06-01T09:40:00
las_dolores,2026-06-04,12.18,13.68,16.37,23.69,24.87,25.76,0.0,3.0,0.97,0.18,uhi_verano+invierno,2026-06-01T09:40:00
las_dolores,2026-06-05,13.39,15.88,17.18,24.78,26.32,27.56,0.0,3.0,0.97,0.18,uhi_verano+invierno,2026-06-01T09:40:00
las_dolores,2026-06-06,13.68,15.93,19.58,20.88,24.87,28.14,0.0,3.0,0.97,0.18,uhi_verano+invierno,2026-06-01T09:40:00
las_dolores,2026-06-07,13.6,16.23,19.08,20.58,22.82,26.56,0.0,3.0,0.97,0.18,uhi_verano+invierno,2026-06-01T09:40:00
las_dolores,2026-06-08,12.39,14.83,16.87,18.27,22.02,25.44,1.25,,0.97,0.18,uhi_verano+invierno,2026-06-01T09:40:00
las_dolores,2026-06-09,7.93,13.68,16.37,17.58,19.32,23.06,0.6,,0.97,0.18,uhi_verano+invierno,2026-06-01T09:40:00
las_dolores,2026-06-10,6.29,11.53,15.56,16.69,19.82,23.46,0.2,,0.97,0.18,uhi_verano+invierno,2026-06-01T09:40:00
las_dolores,2026-06-11,6.33,10.53,14.77,17.69,20.57,25.22,0.02,,0.97,0.18,uhi_verano+invierno,2026-06-01T09:40:00
las_dolores,2026-06-12,6.7,12.28,16.97,17.58,20.77,25.86,0.0,,0.97,0.18,uhi_verano+invierno,2026-06-01T09:40:00
las_dolores,2026-06-13,7.69,12.53,17.98,18.37,21.67,24.66,0.1,,0.97,0.18,uhi_verano+invierno,2026-06-01T09:40:00
las_dolores,2026-06-14,5.93,12.53,18.36,16.63,21.37,24.76,0.4,,0.97,0.18,uhi_verano+invierno,2026-06-01T09:40:00
lomas_de_garupa,2026-06-01,9.7,11.69,13.57,21.35,22.3,23.25,0.0,3.0,0.95,0.19,uhi_verano+invierno,2026-06-01T09:40:00
lomas_de_garupa,2026-06-02,10.1,11.39,13.58,22.46,23.45,24.45,0.0,3.0,0.95,0.19,uhi_verano+invierno,2026-06-01T09:40:00
lomas_de_garupa,2026-06-03,11.9,12.99,15.18,23.66,25.15,25.95,0.0,3.0,0.95,0.19,uhi_verano+invierno,2026-06-01T09:40:00
lomas_de_garupa,2026-06-04,12.19,13.69,16.38,23.67,24.85,25.74,0.0,3.0,0.95,0.19,uhi_verano+invierno,2026-06-01T09:40:00
lomas_de_garupa,2026-06-05,13.4,15.89,17.19,24.76,26.3,27.54,0.0,3.0,0.95,0.19,uhi_verano+invierno,2026-06-01T09:40:00
lomas_de_garupa,2026-06-06,13.69,15.94,19.59,20.86,24.85,28.12,0.0,3.0,0.95,0.19,uhi_verano+invierno,2026-06-01T09:40:00
lomas_de_garupa,2026-06-07,13.61,16.24,19.09,20.56,22.8,26.54,0.0,3.0,0.95,0.19,uhi_verano+invierno,2026-06-01T09:40:00
lomas_de_garupa,2026-06-08,12.4,14.84,16.88,18.25,22.0,25.42,1.25,,0.95,0.19,uhi_verano+invierno,2026-06-01T09:40:00
lomas_de_garupa,2026-06-09,7.94,13.69,16.38,17.56,19.3,23.04,0.6,,0.95,0.19,uhi_verano+invierno,2026-06-01T09:40:00
lomas_de_garupa,2026-06-10,6.3,11.54,15.57,16.67,19.8,23.44,0.2,,0.95,0.19,uhi_verano+invierno,2026-06-01T09:40:00
lomas_de_garupa,2026-06-11,6.34,10.54,14.78,17.67,20.55,25.2,0.02,,0.95,0.19,uhi_verano+invierno,2026-06-01T09:40:00
lomas_de_garupa,2026-06-12,6.71,12.29,16.98,17.56,20.75,25.84,0.0,,0.95,0.19,uhi_verano+invierno,2026-06-01T09:40:00
lomas_de_garupa,2026-06-13,7.7,12.54,17.99,18.35,21.65,24.64,0.1,,0.95,0.19,uhi_verano+invierno,2026-06-01T09:40:00
lomas_de_garupa,2026-06-14,5.94,12.54,18.37,16.61,21.35,24.74,0.4,,0.95,0.19,uhi_verano+invierno,2026-06-01T09:40:00
los_patitos,2026-06-01,9.51,11.5,13.38,20.69,21.64,22.59,0.0,3.0,0.29,0.0,uhi_verano+invierno,2026-06-01T09:40:00
los_patitos,2026-06-02,9.91,11.2,13.39,21.8,22.79,23.79,0.0,3.0,0.29,0.0,uhi_verano+invierno,2026-06-01T09:40:00
los_patitos,2026-06-03,11.71,12.8,14.99,23.0,24.49,25.29,0.0,3.0,0.29,0.0,uhi_verano+invierno,2026-06-01T09:40:00
los_patitos,2026-06-04,12.0,13.5,16.19,23.01,24.19,25.08,0.0,3.0,0.29,0.0,uhi_verano+invierno,2026-06-01T09:40:00
los_patitos,2026-06-05,13.21,15.7,17.0,24.1,25.64,26.88,0.0,3.0,0.29,0.0,uhi_verano+invierno,2026-06-01T09:40:00
los_patitos,2026-06-06,13.5,15.75,19.4,20.2,24.19,27.46,0.0,3.0,0.29,0.0,uhi_verano+invierno,2026-06-01T09:40:00
los_patitos,2026-06-07,13.42,16.05,18.9,19.9,22.14,25.88,0.0,3.0,0.29,0.0,uhi_verano+invierno,2026-06-01T09:40:00
los_patitos,2026-06-08,12.21,14.65,16.69,17.59,21.34,24.76,1.25,,0.29,0.0,uhi_verano+invierno,2026-06-01T09:40:00
los_patitos,2026-06-09,7.75,13.5,16.19,16.9,18.64,22.38,0.6,,0.29,0.0,uhi_verano+invierno,2026-06-01T09:40:00
los_patitos,2026-06-10,6.11,11.35,15.38,16.01,19.14,22.78,0.2,,0.29,0.0,uhi_verano+invierno,2026-06-01T09:40:00
los_patitos,2026-06-11,6.15,10.35,14.59,17.01,19.89,24.54,0.02,,0.29,0.0,uhi_verano+invierno,2026-06-01T09:40:00
los_patitos,2026-06-12,6.52,12.1,16.79,16.9,20.09,25.18,0.0,,0.29,0.0,uhi_verano+invierno,2026-06-01T09:40:00
los_patitos,2026-06-13,7.51,12.35,17.8,17.69,20.99,23.98,0.1,,0.29,0.0,uhi_verano+invierno,2026-06-01T09:40:00
los_patitos,2026-06-14,5.75,12.35,18.18,15.95,20.69,24.08,0.4,,0.29,0.0,uhi_verano+invierno,2026-06-01T09:40:00
luis_piedrabuena,2026-06-01,9.61,11.6,13.48,21.26,22.21,23.16,0.0,3.0,0.86,0.1,uhi_verano+invierno,2026-06-01T09:40:00
luis_piedrabuena,2026-06-02,10.01,11.3,13.49,22.37,23.36,24.36,0.0,3.0,0.86,0.1,uhi_verano+invierno,2026-06-01T09:40:00
luis_piedrabuena,2026-06-03,11.81,12.9,15.09,23.57,25.06,25.86,0.0,3.0,0.86,0.1,uhi_verano+invierno,2026-06-01T09:40:00
luis_piedrabuena,2026-06-04,12.1,13.6,16.29,23.58,24.76,25.65,0.0,3.0,0.86,0.1,uhi_verano+invierno,2026-06-01T09:40:00
luis_piedrabuena,2026-06-05,13.31,15.8,17.1,24.67,26.21,27.45,0.0,3.0,0.86,0.1,uhi_verano+invierno,2026-06-01T09:40:00
luis_piedrabuena,2026-06-06,13.6,15.85,19.5,20.77,24.76,28.03,0.0,3.0,0.86,0.1,uhi_verano+invierno,2026-06-01T09:40:00
luis_piedrabuena,2026-06-07,13.52,16.15,19.0,20.47,22.71,26.45,0.0,3.0,0.86,0.1,uhi_verano+invierno,2026-06-01T09:40:00
luis_piedrabuena,2026-06-08,12.31,14.75,16.79,18.16,21.91,25.33,1.25,,0.86,0.1,uhi_verano+invierno,2026-06-01T09:40:00
luis_piedrabuena,2026-06-09,7.85,13.6,16.29,17.47,19.21,22.95,0.6,,0.86,0.1,uhi_verano+invierno,2026-06-01T09:40:00
luis_piedrabuena,2026-06-10,6.21,11.45,15.48,16.58,19.71,23.35,0.2,,0.86,0.1,uhi_verano+invierno,2026-06-01T09:40:00
luis_piedrabuena,2026-06-11,6.25,10.45,14.69,17.58,20.46,25.11,0.02,,0.86,0.1,uhi_verano+invierno,2026-06-01T09:40:00
luis_piedrabuena,2026-06-12,6.62,12.2,16.89,17.47,20.66,25.75,0.0,,0.86,0.1,uhi_verano+invierno,2026-06-01T09:40:00
luis_piedrabuena,2026-06-13,7.61,12.45,17.9,18.26,21.56,24.55,0.1,,0.86,0.1,uhi_verano+invierno,2026-06-01T09:40:00
luis_piedrabuena,2026-06-14,5.85,12.45,18.28,16.52,21.26,24.65,0.4,,0.86,0.1,uhi_verano+invierno,2026-06-01T09:40:00
malvinas,2026-06-01,9.51,11.5,13.38,20.4,21.35,22.3,0.0,3.0,0.0,0.0,ninguno,2026-06-01T09:40:00
malvinas,2026-06-02,9.91,11.2,13.39,21.51,22.5,23.5,0.0,3.0,0.0,0.0,ninguno,2026-06-01T09:40:00
malvinas,2026-06-03,11.71,12.8,14.99,22.71,24.2,25.0,0.0,3.0,0.0,0.0,ninguno,2026-06-01T09:40:00
malvinas,2026-06-04,12.0,13.5,16.19,22.72,23.9,24.79,0.0,3.0,0.0,0.0,ninguno,2026-06-01T09:40:00
malvinas,2026-06-05,13.21,15.7,17.0,23.81,25.35,26.59,0.0,3.0,0.0,0.0,ninguno,2026-06-01T09:40:00
malvinas,2026-06-06,13.5,15.75,19.4,19.91,23.9,27.17,0.0,3.0,0.0,0.0,ninguno,2026-06-01T09:40:00
malvinas,2026-06-07,13.42,16.05,18.9,19.61,21.85,25.59,0.0,3.0,0.0,0.0,ninguno,2026-06-01T09:40:00
malvinas,2026-06-08,12.21,14.65,16.69,17.3,21.05,24.47,1.25,,0.0,0.0,ninguno,2026-06-01T09:40:00
malvinas,2026-06-09,7.75,13.5,16.19,16.61,18.35,22.09,0.6,,0.0,0.0,ninguno,2026-06-01T09:40:00
malvinas,2026-06-10,6.11,11.35,15.38,15.72,18.85,22.49,0.2,,0.0,0.0,ninguno,2026-06-01T09:40:00
malvinas,2026-06-11,6.15,10.35,14.59,16.72,19.6,24.25,0.02,,0.0,0.0,ninguno,2026-06-01T09:40:00
malvinas,2026-06-12,6.52,12.1,16.79,16.61,19.8,24.89,0.0,,0.0,0.0,ninguno,2026-06-01T09:40:00
malvinas,2026-06-13,7.51,12.35,17.8,17.4,20.7,23.69,0.1,,0.0,0.0,ninguno,2026-06-01T09:40:00
malvinas,2026-06-14,5.75,12.35,18.18,15.66,20.4,23.79,0.4,,0.0,0.0,ninguno,2026-06-01T09:40:00
miguel_lanus,2026-06-01,9.88,11.87,13.75,21.35,22.3,23.25,0.0,3.0,0.95,0.37,uhi_verano+invierno,2026-06-01T09:40:00
miguel_lanus,2026-06-02,10.28,11.57,13.76,22.46,23.45,24.45,0.0,3.0,0.95,0.37,uhi_verano+invierno,2026-06-01T09:40:00
miguel_lanus,2026-06-03,12.08,13.17,15.36,23.66,25.15,25.95,0.0,3.0,0.95,0.37,uhi_verano+invierno,2026-06-01T09:40:00
miguel_lanus,2026-06-04,12.37,13.87,16.56,23.67,24.85,25.74,0.0,3.0,0.95,0.37,uhi_verano+invierno,2026-06-01T09:40:00
miguel_lanus,2026-06-05,13.58,16.07,17.37,24.76,26.3,27.54,0.0,3.0,0.95,0.37,uhi_verano+invierno,2026-06-01T09:40:00
miguel_lanus,2026-06-06,13.87,16.12,19.77,20.86,24.85,28.12,0.0,3.0,0.95,0.37,uhi_verano+invierno,2026-06-01T09:40:00
miguel_lanus,2026-06-07,13.79,16.42,19.27,20.56,22.8,26.54,0.0,3.0,0.95,0.37,uhi_verano+invierno,2026-06-01T09:40:00
miguel_lanus,2026-06-08,12.58,15.02,17.06,18.25,22.0,25.42,1.25,,0.95,0.37,uhi_verano+invierno,2026-06-01T09:40:00
miguel_lanus,2026-06-09,8.12,13.87,16.56,17.56,19.3,23.04,0.6,,0.95,0.37,uhi_verano+invierno,2026-06-01T09:40:00
miguel_lanus,2026-06-10,6.48,11.72,15.75,16.67,19.8,23.44,0.2,,0.95,0.37,uhi_verano+invierno,2026-06-01T09:40:00
miguel_lanus,2026-06-11,6.52,10.72,14.96,17.67,20.55,25.2,0.02,,0.95,0.37,uhi_verano+invierno,2026-06-01T09:40:00
miguel_lanus,2026-06-12,6.89,12.47,17.16,17.56,20.75,25.84,0.0,,0.95,0.37,uhi_verano+invierno,2026-06-01T09:40:00
miguel_lanus,2026-06-13,7.88,12.72,18.17,18.35,21.65,24.64,0.1,,0.95,0.37,uhi_verano+invierno,2026-06-01T09:40:00
miguel_lanus,2026-06-14,6.12,12.72,18.55,16.61,21.35,24.74,0.4,,0.95,0.37,uhi_verano+invierno,2026-06-01T09:40:00
monsenor_kemerer,2026-06-01,9.67,11.66,13.54,21.47,22.42,23.37,0.0,3.0,1.07,0.16,uhi_verano+invierno,2026-06-01T09:40:00
monsenor_kemerer,2026-06-02,10.07,11.36,13.55,22.58,23.57,24.57,0.0,3.0,1.07,0.16,uhi_verano+invierno,2026-06-01T09:40:00
monsenor_kemerer,2026-06-03,11.87,12.96,15.15,23.78,25.27,26.07,0.0,3.0,1.07,0.16,uhi_verano+invierno,2026-06-01T09:40:00
monsenor_kemerer,2026-06-04,12.16,13.66,16.35,23.79,24.97,25.86,0.0,3.0,1.07,0.16,uhi_verano+invierno,2026-06-01T09:40:00
monsenor_kemerer,2026-06-05,13.37,15.86,17.16,24.88,26.42,27.66,0.0,3.0,1.07,0.16,uhi_verano+invierno,2026-06-01T09:40:00
monsenor_kemerer,2026-06-06,13.66,15.91,19.56,20.98,24.97,28.24,0.0,3.0,1.07,0.16,uhi_verano+invierno,2026-06-01T09:40:00
monsenor_kemerer,2026-06-07,13.58,16.21,19.06,20.68,22.92,26.66,0.0,3.0,1.07,0.16,uhi_verano+invierno,2026-06-01T09:40:00
monsenor_kemerer,2026-06-08,12.37,14.81,16.85,18.37,22.12,25.54,1.25,,1.07,0.16,uhi_verano+invierno,2026-06-01T09:40:00
monsenor_kemerer,2026-06-09,7.91,13.66,16.35,17.68,19.42,23.16,0.6,,1.07,0.16,uhi_verano+invierno,2026-06-01T09:40:00
monsenor_kemerer,2026-06-10,6.27,11.51,15.54,16.79,19.92,23.56,0.2,,1.07,0.16,uhi_verano+invierno,2026-06-01T09:40:00
monsenor_kemerer,2026-06-11,6.31,10.51,14.75,17.79,20.67,25.32,0.02,,1.07,0.16,uhi_verano+invierno,2026-06-01T09:40:00
monsenor_kemerer,2026-06-12,6.68,12.26,16.95,17.68,20.87,25.96,0.0,,1.07,0.16,uhi_verano+invierno,2026-06-01T09:40:00
monsenor_kemerer,2026-06-13,7.67,12.51,17.96,18.47,21.77,24.76,0.1,,1.07,0.16,uhi_verano+invierno,2026-06-01T09:40:00
monsenor_kemerer,2026-06-14,5.91,12.51,18.34,16.73,21.47,24.86,0.4,,1.07,0.16,uhi_verano+invierno,2026-06-01T09:40:00
nemesio_parma,2026-06-01,9.51,11.5,13.38,19.61,20.56,21.51,0.0,3.0,-0.79,0.0,uhi_verano+invierno,2026-06-01T09:40:00
nemesio_parma,2026-06-02,9.91,11.2,13.39,20.72,21.71,22.71,0.0,3.0,-0.79,0.0,uhi_verano+invierno,2026-06-01T09:40:00
nemesio_parma,2026-06-03,11.71,12.8,14.99,21.92,23.41,24.21,0.0,3.0,-0.79,0.0,uhi_verano+invierno,2026-06-01T09:40:00
nemesio_parma,2026-06-04,12.0,13.5,16.19,21.93,23.11,24.0,0.0,3.0,-0.79,0.0,uhi_verano+invierno,2026-06-01T09:40:00
nemesio_parma,2026-06-05,13.21,15.7,17.0,23.02,24.56,25.8,0.0,3.0,-0.79,0.0,uhi_verano+invierno,2026-06-01T09:40:00
nemesio_parma,2026-06-06,13.5,15.75,19.4,19.12,23.11,26.38,0.0,3.0,-0.79,0.0,uhi_verano+invierno,2026-06-01T09:40:00
nemesio_parma,2026-06-07,13.42,16.05,18.9,18.82,21.06,24.8,0.0,3.0,-0.79,0.0,uhi_verano+invierno,2026-06-01T09:40:00
nemesio_parma,2026-06-08,12.21,14.65,16.69,16.51,20.26,23.68,1.25,,-0.79,0.0,uhi_verano+invierno,2026-06-01T09:40:00
nemesio_parma,2026-06-09,7.75,13.5,16.19,15.82,17.56,21.3,0.6,,-0.79,0.0,uhi_verano+invierno,2026-06-01T09:40:00
nemesio_parma,2026-06-10,6.11,11.35,15.38,14.93,18.06,21.7,0.2,,-0.79,0.0,uhi_verano+invierno,2026-06-01T09:40:00
nemesio_parma,2026-06-11,6.15,10.35,14.59,15.93,18.81,23.46,0.02,,-0.79,0.0,uhi_verano+invierno,2026-06-01T09:40:00
nemesio_parma,2026-06-12,6.52,12.1,16.79,15.82,19.01,24.1,0.0,,-0.79,0.0,uhi_verano+invierno,2026-06-01T09:40:00
nemesio_parma,2026-06-13,7.51,12.35,17.8,16.61,19.91,22.9,0.1,,-0.79,0.0,uhi_verano+invierno,2026-06-01T09:40:00
nemesio_parma,2026-06-14,5.75,12.35,18.18,14.87,19.61,23.0,0.4,,-0.79,0.0,uhi_verano+invierno,2026-06-01T09:40:00
norte,2026-06-01,9.29,11.28,13.16,20.16,21.11,22.06,0.0,3.0,-0.24,-0.22,uhi_verano+invierno,2026-06-01T09:40:00
norte,2026-06-02,9.69,10.98,13.17,21.27,22.26,23.26,0.0,3.0,-0.24,-0.22,uhi_verano+invierno,2026-06-01T09:40:00
norte,2026-06-03,11.49,12.58,14.77,22.47,23.96,24.76,0.0,3.0,-0.24,-0.22,uhi_verano+invierno,2026-06-01T09:40:00
norte,2026-06-04,11.78,13.28,15.97,22.48,23.66,24.55,0.0,3.0,-0.24,-0.22,uhi_verano+invierno,2026-06-01T09:40:00
norte,2026-06-05,12.99,15.48,16.78,23.57,25.11,26.35,0.0,3.0,-0.24,-0.22,uhi_verano+invierno,2026-06-01T09:40:00
norte,2026-06-06,13.28,15.53,19.18,19.67,23.66,26.93,0.0,3.0,-0.24,-0.22,uhi_verano+invierno,2026-06-01T09:40:00
norte,2026-06-07,13.2,15.83,18.68,19.37,21.61,25.35,0.0,3.0,-0.24,-0.22,uhi_verano+invierno,2026-06-01T09:40:00
norte,2026-06-08,11.99,14.43,16.47,17.06,20.81,24.23,1.25,,-0.24,-0.22,uhi_verano+invierno,2026-06-01T09:40:00
norte,2026-06-09,7.53,13.28,15.97,16.37,18.11,21.85,0.6,,-0.24,-0.22,uhi_verano+invierno,2026-06-01T09:40:00
norte,2026-06-10,5.89,11.13,15.16,15.48,18.61,22.25,0.2,,-0.24,-0.22,uhi_verano+invierno,2026-06-01T09:40:00
norte,2026-06-11,5.93,10.13,14.37,16.48,19.36,24.01,0.02,,-0.24,-0.22,uhi_verano+invierno,2026-06-01T09:40:00
norte,2026-06-12,6.3,11.88,16.57,16.37,19.56,24.65,0.0,,-0.24,-0.22,uhi_verano+invierno,2026-06-01T09:40:00
norte,2026-06-13,7.29,12.13,17.58,17.16,20.46,23.45,0.1,,-0.24,-0.22,uhi_verano+invierno,2026-06-01T09:40:00
norte,2026-06-14,5.53,12.13,17.96,15.42,20.16,23.55,0.4,,-0.24,-0.22,uhi_verano+invierno,2026-06-01T09:40:00
nu_pora,2026-06-01,9.76,11.75,13.63,21.45,22.4,23.35,0.0,3.0,1.05,0.25,uhi_verano+invierno,2026-06-01T09:40:00
nu_pora,2026-06-02,10.16,11.45,13.64,22.56,23.55,24.55,0.0,3.0,1.05,0.25,uhi_verano+invierno,2026-06-01T09:40:00
nu_pora,2026-06-03,11.96,13.05,15.24,23.76,25.25,26.05,0.0,3.0,1.05,0.25,uhi_verano+invierno,2026-06-01T09:40:00
nu_pora,2026-06-04,12.25,13.75,16.44,23.77,24.95,25.84,0.0,3.0,1.05,0.25,uhi_verano+invierno,2026-06-01T09:40:00
nu_pora,2026-06-05,13.46,15.95,17.25,24.86,26.4,27.64,0.0,3.0,1.05,0.25,uhi_verano+invierno,2026-06-01T09:40:00
nu_pora,2026-06-06,13.75,16.0,19.65,20.96,24.95,28.22,0.0,3.0,1.05,0.25,uhi_verano+invierno,2026-06-01T09:40:00
nu_pora,2026-06-07,13.67,16.3,19.15,20.66,22.9,26.64,0.0,3.0,1.05,0.25,uhi_verano+invierno,2026-06-01T09:40:00
nu_pora,2026-06-08,12.46,14.9,16.94,18.35,22.1,25.52,1.25,,1.05,0.25,uhi_verano+invierno,2026-06-01T09:40:00
nu_pora,2026-06-09,8.0,13.75,16.44,17.66,19.4,23.14,0.6,,1.05,0.25,uhi_verano+invierno,2026-06-01T09:40:00
nu_pora,2026-06-10,6.36,11.6,15.63,16.77,19.9,23.54,0.2,,1.05,0.25,uhi_verano+invierno,2026-06-01T09:40:00
nu_pora,2026-06-11,6.4,10.6,14.84,17.77,20.65,25.3,0.02,,1.05,0.25,uhi_verano+invierno,2026-06-01T09:40:00
nu_pora,2026-06-12,6.77,12.35,17.04,17.66,20.85,25.94,0.0,,1.05,0.25,uhi_verano+invierno,2026-06-01T09:40:00
nu_pora,2026-06-13,7.76,12.6,18.05,18.45,21.75,24.74,0.1,,1.05,0.25,uhi_verano+invierno,2026-06-01T09:40:00
nu_pora,2026-06-14,6.0,12.6,18.43,16.71,21.45,24.84,0.4,,1.05,0.25,uhi_verano+invierno,2026-06-01T09:40:00
porvenir_2,2026-06-01,9.43,11.42,13.3,20.34,21.29,22.24,0.0,3.0,-0.06,-0.08,uhi_verano+invierno,2026-06-01T09:40:00
porvenir_2,2026-06-02,9.83,11.12,13.31,21.45,22.44,23.44,0.0,3.0,-0.06,-0.08,uhi_verano+invierno,2026-06-01T09:40:00
porvenir_2,2026-06-03,11.63,12.72,14.91,22.65,24.14,24.94,0.0,3.0,-0.06,-0.08,uhi_verano+invierno,2026-06-01T09:40:00
porvenir_2,2026-06-04,11.92,13.42,16.11,22.66,23.84,24.73,0.0,3.0,-0.06,-0.08,uhi_verano+invierno,2026-06-01T09:40:00
porvenir_2,2026-06-05,13.13,15.62,16.92,23.75,25.29,26.53,0.0,3.0,-0.06,-0.08,uhi_verano+invierno,2026-06-01T09:40:00
porvenir_2,2026-06-06,13.42,15.67,19.32,19.85,23.84,27.11,0.0,3.0,-0.06,-0.08,uhi_verano+invierno,2026-06-01T09:40:00
porvenir_2,2026-06-07,13.34,15.97,18.82,19.55,21.79,25.53,0.0,3.0,-0.06,-0.08,uhi_verano+invierno,2026-06-01T09:40:00
porvenir_2,2026-06-08,12.13,14.57,16.61,17.24,20.99,24.41,1.25,,-0.06,-0.08,uhi_verano+invierno,2026-06-01T09:40:00
porvenir_2,2026-06-09,7.67,13.42,16.11,16.55,18.29,22.03,0.6,,-0.06,-0.08,uhi_verano+invierno,2026-06-01T09:40:00
porvenir_2,2026-06-10,6.03,11.27,15.3,15.66,18.79,22.43,0.2,,-0.06,-0.08,uhi_verano+invierno,2026-06-01T09:40:00
porvenir_2,2026-06-11,6.07,10.27,14.51,16.66,19.54,24.19,0.02,,-0.06,-0.08,uhi_verano+invierno,2026-06-01T09:40:00
porvenir_2,2026-06-12,6.44,12.02,16.71,16.55,19.74,24.83,0.0,,-0.06,-0.08,uhi_verano+invierno,2026-06-01T09:40:00
porvenir_2,2026-06-13,7.43,12.27,17.72,17.34,20.64,23.63,0.1,,-0.06,-0.08,uhi_verano+invierno,2026-06-01T09:40:00
porvenir_2,2026-06-14,5.67,12.27,18.1,15.6,20.34,23.73,0.4,,-0.06,-0.08,uhi_verano+invierno,2026-06-01T09:40:00
puerto_canela,2026-06-01,9.6,11.59,13.47,20.68,21.63,22.58,0.0,3.0,0.28,0.09,uhi_verano+invierno,2026-06-01T09:40:00
puerto_canela,2026-06-02,10.0,11.29,13.48,21.79,22.78,23.78,0.0,3.0,0.28,0.09,uhi_verano+invierno,2026-06-01T09:40:00
puerto_canela,2026-06-03,11.8,12.89,15.08,22.99,24.48,25.28,0.0,3.0,0.28,0.09,uhi_verano+invierno,2026-06-01T09:40:00
puerto_canela,2026-06-04,12.09,13.59,16.28,23.0,24.18,25.07,0.0,3.0,0.28,0.09,uhi_verano+invierno,2026-06-01T09:40:00
puerto_canela,2026-06-05,13.3,15.79,17.09,24.09,25.63,26.87,0.0,3.0,0.28,0.09,uhi_verano+invierno,2026-06-01T09:40:00
puerto_canela,2026-06-06,13.59,15.84,19.49,20.19,24.18,27.45,0.0,3.0,0.28,0.09,uhi_verano+invierno,2026-06-01T09:40:00
puerto_canela,2026-06-07,13.51,16.14,18.99,19.89,22.13,25.87,0.0,3.0,0.28,0.09,uhi_verano+invierno,2026-06-01T09:40:00
puerto_canela,2026-06-08,12.3,14.74,16.78,17.58,21.33,24.75,1.25,,0.28,0.09,uhi_verano+invierno,2026-06-01T09:40:00
puerto_canela,2026-06-09,7.84,13.59,16.28,16.89,18.63,22.37,0.6,,0.28,0.09,uhi_verano+invierno,2026-06-01T09:40:00
puerto_canela,2026-06-10,6.2,11.44,15.47,16.0,19.13,22.77,0.2,,0.28,0.09,uhi_verano+invierno,2026-06-01T09:40:00
puerto_canela,2026-06-11,6.24,10.44,14.68,17.0,19.88,24.53,0.02,,0.28,0.09,uhi_verano+invierno,2026-06-01T09:40:00
puerto_canela,2026-06-12,6.61,12.19,16.88,16.89,20.08,25.17,0.0,,0.28,0.09,uhi_verano+invierno,2026-06-01T09:40:00
puerto_canela,2026-06-13,7.6,12.44,17.89,17.68,20.98,23.97,0.1,,0.28,0.09,uhi_verano+invierno,2026-06-01T09:40:00
puerto_canela,2026-06-14,5.84,12.44,18.27,15.94,20.68,24.07,0.4,,0.28,0.09,uhi_verano+invierno,2026-06-01T09:40:00
rocamora,2026-06-01,9.67,11.66,13.54,21.98,22.93,23.88,0.0,3.0,1.58,0.16,uhi_verano+invierno,2026-06-01T09:40:00
rocamora,2026-06-02,10.07,11.36,13.55,23.09,24.08,25.08,0.0,3.0,1.58,0.16,uhi_verano+invierno,2026-06-01T09:40:00
rocamora,2026-06-03,11.87,12.96,15.15,24.29,25.78,26.58,0.0,3.0,1.58,0.16,uhi_verano+invierno,2026-06-01T09:40:00
rocamora,2026-06-04,12.16,13.66,16.35,24.3,25.48,26.37,0.0,3.0,1.58,0.16,uhi_verano+invierno,2026-06-01T09:40:00
rocamora,2026-06-05,13.37,15.86,17.16,25.39,26.93,28.17,0.0,3.0,1.58,0.16,uhi_verano+invierno,2026-06-01T09:40:00
rocamora,2026-06-06,13.66,15.91,19.56,21.49,25.48,28.75,0.0,3.0,1.58,0.16,uhi_verano+invierno,2026-06-01T09:40:00
rocamora,2026-06-07,13.58,16.21,19.06,21.19,23.43,27.17,0.0,3.0,1.58,0.16,uhi_verano+invierno,2026-06-01T09:40:00
rocamora,2026-06-08,12.37,14.81,16.85,18.88,22.63,26.05,1.25,,1.58,0.16,uhi_verano+invierno,2026-06-01T09:40:00
rocamora,2026-06-09,7.91,13.66,16.35,18.19,19.93,23.67,0.6,,1.58,0.16,uhi_verano+invierno,2026-06-01T09:40:00
rocamora,2026-06-10,6.27,11.51,15.54,17.3,20.43,24.07,0.2,,1.58,0.16,uhi_verano+invierno,2026-06-01T09:40:00
rocamora,2026-06-11,6.31,10.51,14.75,18.3,21.18,25.83,0.02,,1.58,0.16,uhi_verano+invierno,2026-06-01T09:40:00
rocamora,2026-06-12,6.68,12.26,16.95,18.19,21.38,26.47,0.0,,1.58,0.16,uhi_verano+invierno,2026-06-01T09:40:00
rocamora,2026-06-13,7.67,12.51,17.96,18.98,22.28,25.27,0.1,,1.58,0.16,uhi_verano+invierno,2026-06-01T09:40:00
rocamora,2026-06-14,5.91,12.51,18.34,17.24,21.98,25.37,0.4,,1.58,0.16,uhi_verano+invierno,2026-06-01T09:40:00
san_isidro,2026-06-01,9.9,11.89,13.77,22.34,23.29,24.24,0.0,3.0,1.94,0.39,uhi_verano+invierno,2026-06-01T09:40:00
san_isidro,2026-06-02,10.3,11.59,13.78,23.45,24.44,25.44,0.0,3.0,1.94,0.39,uhi_verano+invierno,2026-06-01T09:40:00
san_isidro,2026-06-03,12.1,13.19,15.38,24.65,26.14,26.94,0.0,3.0,1.94,0.39,uhi_verano+invierno,2026-06-01T09:40:00
san_isidro,2026-06-04,12.39,13.89,16.58,24.66,25.84,26.73,0.0,3.0,1.94,0.39,uhi_verano+invierno,2026-06-01T09:40:00
san_isidro,2026-06-05,13.6,16.09,17.39,25.75,27.29,28.53,0.0,3.0,1.94,0.39,uhi_verano+invierno,2026-06-01T09:40:00
san_isidro,2026-06-06,13.89,16.14,19.79,21.85,25.84,29.11,0.0,3.0,1.94,0.39,uhi_verano+invierno,2026-06-01T09:40:00
san_isidro,2026-06-07,13.81,16.44,19.29,21.55,23.79,27.53,0.0,3.0,1.94,0.39,uhi_verano+invierno,2026-06-01T09:40:00
san_isidro,2026-06-08,12.6,15.04,17.08,19.24,22.99,26.41,1.25,,1.94,0.39,uhi_verano+invierno,2026-06-01T09:40:00
san_isidro,2026-06-09,8.14,13.89,16.58,18.55,20.29,24.03,0.6,,1.94,0.39,uhi_verano+invierno,2026-06-01T09:40:00
san_isidro,2026-06-10,6.5,11.74,15.77,17.66,20.79,24.43,0.2,,1.94,0.39,uhi_verano+invierno,2026-06-01T09:40:00
san_isidro,2026-06-11,6.54,10.74,14.98,18.66,21.54,26.19,0.02,,1.94,0.39,uhi_verano+invierno,2026-06-01T09:40:00
san_isidro,2026-06-12,6.91,12.49,17.18,18.55,21.74,26.83,0.0,,1.94,0.39,uhi_verano+invierno,2026-06-01T09:40:00
san_isidro,2026-06-13,7.9,12.74,18.19,19.34,22.64,25.63,0.1,,1.94,0.39,uhi_verano+invierno,2026-06-01T09:40:00
san_isidro,2026-06-14,6.14,12.74,18.57,17.6,22.34,25.73,0.4,,1.94,0.39,uhi_verano+invierno,2026-06-01T09:40:00
san_jorge,2026-06-01,9.51,11.5,13.38,20.4,21.35,22.3,0.0,3.0,0.0,0.0,ninguno,2026-06-01T09:40:00
san_jorge,2026-06-02,9.91,11.2,13.39,21.51,22.5,23.5,0.0,3.0,0.0,0.0,ninguno,2026-06-01T09:40:00
san_jorge,2026-06-03,11.71,12.8,14.99,22.71,24.2,25.0,0.0,3.0,0.0,0.0,ninguno,2026-06-01T09:40:00
san_jorge,2026-06-04,12.0,13.5,16.19,22.72,23.9,24.79,0.0,3.0,0.0,0.0,ninguno,2026-06-01T09:40:00
san_jorge,2026-06-05,13.21,15.7,17.0,23.81,25.35,26.59,0.0,3.0,0.0,0.0,ninguno,2026-06-01T09:40:00
san_jorge,2026-06-06,13.5,15.75,19.4,19.91,23.9,27.17,0.0,3.0,0.0,0.0,ninguno,2026-06-01T09:40:00
san_jorge,2026-06-07,13.42,16.05,18.9,19.61,21.85,25.59,0.0,3.0,0.0,0.0,ninguno,2026-06-01T09:40:00
san_jorge,2026-06-08,12.21,14.65,16.69,17.3,21.05,24.47,1.25,,0.0,0.0,ninguno,2026-06-01T09:40:00
san_jorge,2026-06-09,7.75,13.5,16.19,16.61,18.35,22.09,0.6,,0.0,0.0,ninguno,2026-06-01T09:40:00
san_jorge,2026-06-10,6.11,11.35,15.38,15.72,18.85,22.49,0.2,,0.0,0.0,ninguno,2026-06-01T09:40:00
san_jorge,2026-06-11,6.15,10.35,14.59,16.72,19.6,24.25,0.02,,0.0,0.0,ninguno,2026-06-01T09:40:00
san_jorge,2026-06-12,6.52,12.1,16.79,16.61,19.8,24.89,0.0,,0.0,0.0,ninguno,2026-06-01T09:40:00
san_jorge,2026-06-13,7.51,12.35,17.8,17.4,20.7,23.69,0.1,,0.0,0.0,ninguno,2026-06-01T09:40:00
san_jorge,2026-06-14,5.75,12.35,18.18,15.66,20.4,23.79,0.4,,0.0,0.0,ninguno,2026-06-01T09:40:00
san_lucas,2026-06-01,9.54,11.53,13.41,21.36,22.31,23.26,0.0,3.0,0.96,0.03,uhi_verano+invierno,2026-06-01T09:40:00
san_lucas,2026-06-02,9.94,11.23,13.42,22.47,23.46,24.46,0.0,3.0,0.96,0.03,uhi_verano+invierno,2026-06-01T09:40:00
san_lucas,2026-06-03,11.74,12.83,15.02,23.67,25.16,25.96,0.0,3.0,0.96,0.03,uhi_verano+invierno,2026-06-01T09:40:00
san_lucas,2026-06-04,12.03,13.53,16.22,23.68,24.86,25.75,0.0,3.0,0.96,0.03,uhi_verano+invierno,2026-06-01T09:40:00
san_lucas,2026-06-05,13.24,15.73,17.03,24.77,26.31,27.55,0.0,3.0,0.96,0.03,uhi_verano+invierno,2026-06-01T09:40:00
san_lucas,2026-06-06,13.53,15.78,19.43,20.87,24.86,28.13,0.0,3.0,0.96,0.03,uhi_verano+invierno,2026-06-01T09:40:00
san_lucas,2026-06-07,13.45,16.08,18.93,20.57,22.81,26.55,0.0,3.0,0.96,0.03,uhi_verano+invierno,2026-06-01T09:40:00
san_lucas,2026-06-08,12.24,14.68,16.72,18.26,22.01,25.43,1.25,,0.96,0.03,uhi_verano+invierno,2026-06-01T09:40:00
san_lucas,2026-06-09,7.78,13.53,16.22,17.57,19.31,23.05,0.6,,0.96,0.03,uhi_verano+invierno,2026-06-01T09:40:00
san_lucas,2026-06-10,6.14,11.38,15.41,16.68,19.81,23.45,0.2,,0.96,0.03,uhi_verano+invierno,2026-06-01T09:40:00
san_lucas,2026-06-11,6.18,10.38,14.62,17.68,20.56,25.21,0.02,,0.96,0.03,uhi_verano+invierno,2026-06-01T09:40:00
san_lucas,2026-06-12,6.55,12.13,16.82,17.57,20.76,25.85,0.0,,0.96,0.03,uhi_verano+invierno,2026-06-01T09:40:00
san_lucas,2026-06-13,7.54,12.38,17.83,18.36,21.66,24.65,0.1,,0.96,0.03,uhi_verano+invierno,2026-06-01T09:40:00
san_lucas,2026-06-14,5.78,12.38,18.21,16.62,21.36,24.75,0.4,,0.96,0.03,uhi_verano+invierno,2026-06-01T09:40:00
san_marcos,2026-06-01,9.39,11.38,13.26,21.01,21.96,22.91,0.0,3.0,0.61,-0.12,uhi_verano+invierno,2026-06-01T09:40:00
san_marcos,2026-06-02,9.79,11.08,13.27,22.12,23.11,24.11,0.0,3.0,0.61,-0.12,uhi_verano+invierno,2026-06-01T09:40:00
san_marcos,2026-06-03,11.59,12.68,14.87,23.32,24.81,25.61,0.0,3.0,0.61,-0.12,uhi_verano+invierno,2026-06-01T09:40:00
san_marcos,2026-06-04,11.88,13.38,16.07,23.33,24.51,25.4,0.0,3.0,0.61,-0.12,uhi_verano+invierno,2026-06-01T09:40:00
san_marcos,2026-06-05,13.09,15.58,16.88,24.42,25.96,27.2,0.0,3.0,0.61,-0.12,uhi_verano+invierno,2026-06-01T09:40:00
san_marcos,2026-06-06,13.38,15.63,19.28,20.52,24.51,27.78,0.0,3.0,0.61,-0.12,uhi_verano+invierno,2026-06-01T09:40:00
san_marcos,2026-06-07,13.3,15.93,18.78,20.22,22.46,26.2,0.0,3.0,0.61,-0.12,uhi_verano+invierno,2026-06-01T09:40:00
san_marcos,2026-06-08,12.09,14.53,16.57,17.91,21.66,25.08,1.25,,0.61,-0.12,uhi_verano+invierno,2026-06-01T09:40:00
san_marcos,2026-06-09,7.63,13.38,16.07,17.22,18.96,22.7,0.6,,0.61,-0.12,uhi_verano+invierno,2026-06-01T09:40:00
san_marcos,2026-06-10,5.99,11.23,15.26,16.33,19.46,23.1,0.2,,0.61,-0.12,uhi_verano+invierno,2026-06-01T09:40:00
san_marcos,2026-06-11,6.03,10.23,14.47,17.33,20.21,24.86,0.02,,0.61,-0.12,uhi_verano+invierno,2026-06-01T09:40:00
san_marcos,2026-06-12,6.4,11.98,16.67,17.22,20.41,25.5,0.0,,0.61,-0.12,uhi_verano+invierno,2026-06-01T09:40:00
san_marcos,2026-06-13,7.39,12.23,17.68,18.01,21.31,24.3,0.1,,0.61,-0.12,uhi_verano+invierno,2026-06-01T09:40:00
san_marcos,2026-06-14,5.63,12.23,18.06,16.27,21.01,24.4,0.4,,0.61,-0.12,uhi_verano+invierno,2026-06-01T09:40:00
san_martin,2026-06-01,9.59,11.58,13.46,21.96,22.91,23.86,0.0,3.0,1.56,0.08,uhi_verano+invierno,2026-06-01T09:40:00
san_martin,2026-06-02,9.99,11.28,13.47,23.07,24.06,25.06,0.0,3.0,1.56,0.08,uhi_verano+invierno,2026-06-01T09:40:00
san_martin,2026-06-03,11.79,12.88,15.07,24.27,25.76,26.56,0.0,3.0,1.56,0.08,uhi_verano+invierno,2026-06-01T09:40:00
san_martin,2026-06-04,12.08,13.58,16.27,24.28,25.46,26.35,0.0,3.0,1.56,0.08,uhi_verano+invierno,2026-06-01T09:40:00
san_martin,2026-06-05,13.29,15.78,17.08,25.37,26.91,28.15,0.0,3.0,1.56,0.08,uhi_verano+invierno,2026-06-01T09:40:00
san_martin,2026-06-06,13.58,15.83,19.48,21.47,25.46,28.73,0.0,3.0,1.56,0.08,uhi_verano+invierno,2026-06-01T09:40:00
san_martin,2026-06-07,13.5,16.13,18.98,21.17,23.41,27.15,0.0,3.0,1.56,0.08,uhi_verano+invierno,2026-06-01T09:40:00
san_martin,2026-06-08,12.29,14.73,16.77,18.86,22.61,26.03,1.25,,1.56,0.08,uhi_verano+invierno,2026-06-01T09:40:00
san_martin,2026-06-09,7.83,13.58,16.27,18.17,19.91,23.65,0.6,,1.56,0.08,uhi_verano+invierno,2026-06-01T09:40:00
san_martin,2026-06-10,6.19,11.43,15.46,17.28,20.41,24.05,0.2,,1.56,0.08,uhi_verano+invierno,2026-06-01T09:40:00
san_martin,2026-06-11,6.23,10.43,14.67,18.28,21.16,25.81,0.02,,1.56,0.08,uhi_verano+invierno,2026-06-01T09:40:00
san_martin,2026-06-12,6.6,12.18,16.87,18.17,21.36,26.45,0.0,,1.56,0.08,uhi_verano+invierno,2026-06-01T09:40:00
san_martin,2026-06-13,7.59,12.43,17.88,18.96,22.26,25.25,0.1,,1.56,0.08,uhi_verano+invierno,2026-06-01T09:40:00
san_martin,2026-06-14,5.83,12.43,18.26,17.22,21.96,25.35,0.4,,1.56,0.08,uhi_verano+invierno,2026-06-01T09:40:00
san_martin_sureste,2026-06-01,9.72,11.71,13.59,21.48,22.43,23.38,0.0,3.0,1.08,0.21,uhi_verano+invierno,2026-06-01T09:40:00
san_martin_sureste,2026-06-02,10.12,11.41,13.6,22.59,23.58,24.58,0.0,3.0,1.08,0.21,uhi_verano+invierno,2026-06-01T09:40:00
san_martin_sureste,2026-06-03,11.92,13.01,15.2,23.79,25.28,26.08,0.0,3.0,1.08,0.21,uhi_verano+invierno,2026-06-01T09:40:00
san_martin_sureste,2026-06-04,12.21,13.71,16.4,23.8,24.98,25.87,0.0,3.0,1.08,0.21,uhi_verano+invierno,2026-06-01T09:40:00
san_martin_sureste,2026-06-05,13.42,15.91,17.21,24.89,26.43,27.67,0.0,3.0,1.08,0.21,uhi_verano+invierno,2026-06-01T09:40:00
san_martin_sureste,2026-06-06,13.71,15.96,19.61,20.99,24.98,28.25,0.0,3.0,1.08,0.21,uhi_verano+invierno,2026-06-01T09:40:00
san_martin_sureste,2026-06-07,13.63,16.26,19.11,20.69,22.93,26.67,0.0,3.0,1.08,0.21,uhi_verano+invierno,2026-06-01T09:40:00
san_martin_sureste,2026-06-08,12.42,14.86,16.9,18.38,22.13,25.55,1.25,,1.08,0.21,uhi_verano+invierno,2026-06-01T09:40:00
san_martin_sureste,2026-06-09,7.96,13.71,16.4,17.69,19.43,23.17,0.6,,1.08,0.21,uhi_verano+invierno,2026-06-01T09:40:00
san_martin_sureste,2026-06-10,6.32,11.56,15.59,16.8,19.93,23.57,0.2,,1.08,0.21,uhi_verano+invierno,2026-06-01T09:40:00
san_martin_sureste,2026-06-11,6.36,10.56,14.8,17.8,20.68,25.33,0.02,,1.08,0.21,uhi_verano+invierno,2026-06-01T09:40:00
san_martin_sureste,2026-06-12,6.73,12.31,17.0,17.69,20.88,25.97,0.0,,1.08,0.21,uhi_verano+invierno,2026-06-01T09:40:00
san_martin_sureste,2026-06-13,7.72,12.56,18.01,18.48,21.78,24.77,0.1,,1.08,0.21,uhi_verano+invierno,2026-06-01T09:40:00
san_martin_sureste,2026-06-14,5.96,12.56,18.39,16.74,21.48,24.87,0.4,,1.08,0.21,uhi_verano+invierno,2026-06-01T09:40:00
santa_helena,2026-06-01,9.97,11.96,13.84,21.67,22.62,23.57,0.0,3.0,1.27,0.46,uhi_verano+invierno,2026-06-01T09:40:00
santa_helena,2026-06-02,10.37,11.66,13.85,22.78,23.77,24.77,0.0,3.0,1.27,0.46,uhi_verano+invierno,2026-06-01T09:40:00
santa_helena,2026-06-03,12.17,13.26,15.45,23.98,25.47,26.27,0.0,3.0,1.27,0.46,uhi_verano+invierno,2026-06-01T09:40:00
santa_helena,2026-06-04,12.46,13.96,16.65,23.99,25.17,26.06,0.0,3.0,1.27,0.46,uhi_verano+invierno,2026-06-01T09:40:00
santa_helena,2026-06-05,13.67,16.16,17.46,25.08,26.62,27.86,0.0,3.0,1.27,0.46,uhi_verano+invierno,2026-06-01T09:40:00
santa_helena,2026-06-06,13.96,16.21,19.86,21.18,25.17,28.44,0.0,3.0,1.27,0.46,uhi_verano+invierno,2026-06-01T09:40:00
santa_helena,2026-06-07,13.88,16.51,19.36,20.88,23.12,26.86,0.0,3.0,1.27,0.46,uhi_verano+invierno,2026-06-01T09:40:00
santa_helena,2026-06-08,12.67,15.11,17.15,18.57,22.32,25.74,1.25,,1.27,0.46,uhi_verano+invierno,2026-06-01T09:40:00
santa_helena,2026-06-09,8.21,13.96,16.65,17.88,19.62,23.36,0.6,,1.27,0.46,uhi_verano+invierno,2026-06-01T09:40:00
santa_helena,2026-06-10,6.57,11.81,15.84,16.99,20.12,23.76,0.2,,1.27,0.46,uhi_verano+invierno,2026-06-01T09:40:00
santa_helena,2026-06-11,6.61,10.81,15.05,17.99,20.87,25.52,0.02,,1.27,0.46,uhi_verano+invierno,2026-06-01T09:40:00
santa_helena,2026-06-12,6.98,12.56,17.25,17.88,21.07,26.16,0.0,,1.27,0.46,uhi_verano+invierno,2026-06-01T09:40:00
santa_helena,2026-06-13,7.97,12.81,18.26,18.67,21.97,24.96,0.1,,1.27,0.46,uhi_verano+invierno,2026-06-01T09:40:00
santa_helena,2026-06-14,6.21,12.81,18.64,16.93,21.67,25.06,0.4,,1.27,0.46,uhi_verano+invierno,2026-06-01T09:40:00
santa_rita,2026-06-01,9.56,11.55,13.43,21.69,22.64,23.59,0.0,3.0,1.29,0.05,uhi_verano+invierno,2026-06-01T09:40:00
santa_rita,2026-06-02,9.96,11.25,13.44,22.8,23.79,24.79,0.0,3.0,1.29,0.05,uhi_verano+invierno,2026-06-01T09:40:00
santa_rita,2026-06-03,11.76,12.85,15.04,24.0,25.49,26.29,0.0,3.0,1.29,0.05,uhi_verano+invierno,2026-06-01T09:40:00
santa_rita,2026-06-04,12.05,13.55,16.24,24.01,25.19,26.08,0.0,3.0,1.29,0.05,uhi_verano+invierno,2026-06-01T09:40:00
santa_rita,2026-06-05,13.26,15.75,17.05,25.1,26.64,27.88,0.0,3.0,1.29,0.05,uhi_verano+invierno,2026-06-01T09:40:00
santa_rita,2026-06-06,13.55,15.8,19.45,21.2,25.19,28.46,0.0,3.0,1.29,0.05,uhi_verano+invierno,2026-06-01T09:40:00
santa_rita,2026-06-07,13.47,16.1,18.95,20.9,23.14,26.88,0.0,3.0,1.29,0.05,uhi_verano+invierno,2026-06-01T09:40:00
santa_rita,2026-06-08,12.26,14.7,16.74,18.59,22.34,25.76,1.25,,1.29,0.05,uhi_verano+invierno,2026-06-01T09:40:00
santa_rita,2026-06-09,7.8,13.55,16.24,17.9,19.64,23.38,0.6,,1.29,0.05,uhi_verano+invierno,2026-06-01T09:40:00
santa_rita,2026-06-10,6.16,11.4,15.43,17.01,20.14,23.78,0.2,,1.29,0.05,uhi_verano+invierno,2026-06-01T09:40:00
santa_rita,2026-06-11,6.2,10.4,14.64,18.01,20.89,25.54,0.02,,1.29,0.05,uhi_verano+invierno,2026-06-01T09:40:00
santa_rita,2026-06-12,6.57,12.15,16.84,17.9,21.09,26.18,0.0,,1.29,0.05,uhi_verano+invierno,2026-06-01T09:40:00
santa_rita,2026-06-13,7.56,12.4,17.85,18.69,21.99,24.98,0.1,,1.29,0.05,uhi_verano+invierno,2026-06-01T09:40:00
santa_rita,2026-06-14,5.8,12.4,18.23,16.95,21.69,25.08,0.4,,1.29,0.05,uhi_verano+invierno,2026-06-01T09:40:00
villa_bonita,2026-06-01,9.84,11.83,13.71,21.54,22.49,23.44,0.0,3.0,1.14,0.33,uhi_verano+invierno,2026-06-01T09:40:00
villa_bonita,2026-06-02,10.24,11.53,13.72,22.65,23.64,24.64,0.0,3.0,1.14,0.33,uhi_verano+invierno,2026-06-01T09:40:00
villa_bonita,2026-06-03,12.04,13.13,15.32,23.85,25.34,26.14,0.0,3.0,1.14,0.33,uhi_verano+invierno,2026-06-01T09:40:00
villa_bonita,2026-06-04,12.33,13.83,16.52,23.86,25.04,25.93,0.0,3.0,1.14,0.33,uhi_verano+invierno,2026-06-01T09:40:00
villa_bonita,2026-06-05,13.54,16.03,17.33,24.95,26.49,27.73,0.0,3.0,1.14,0.33,uhi_verano+invierno,2026-06-01T09:40:00
villa_bonita,2026-06-06,13.83,16.08,19.73,21.05,25.04,28.31,0.0,3.0,1.14,0.33,uhi_verano+invierno,2026-06-01T09:40:00
villa_bonita,2026-06-07,13.75,16.38,19.23,20.75,22.99,26.73,0.0,3.0,1.14,0.33,uhi_verano+invierno,2026-06-01T09:40:00
villa_bonita,2026-06-08,12.54,14.98,17.02,18.44,22.19,25.61,1.25,,1.14,0.33,uhi_verano+invierno,2026-06-01T09:40:00
villa_bonita,2026-06-09,8.08,13.83,16.52,17.75,19.49,23.23,0.6,,1.14,0.33,uhi_verano+invierno,2026-06-01T09:40:00
villa_bonita,2026-06-10,6.44,11.68,15.71,16.86,19.99,23.63,0.2,,1.14,0.33,uhi_verano+invierno,2026-06-01T09:40:00
villa_bonita,2026-06-11,6.48,10.68,14.92,17.86,20.74,25.39,0.02,,1.14,0.33,uhi_verano+invierno,2026-06-01T09:40:00
villa_bonita,2026-06-12,6.85,12.43,17.12,17.75,20.94,26.03,0.0,,1.14,0.33,uhi_verano+invierno,2026-06-01T09:40:00
villa_bonita,2026-06-13,7.84,12.68,18.13,18.54,21.84,24.83,0.1,,1.14,0.33,uhi_verano+invierno,2026-06-01T09:40:00
villa_bonita,2026-06-14,6.08,12.68,18.51,16.8,21.54,24.93,0.4,,1.14,0.33,uhi_verano+invierno,2026-06-01T09:40:00
villa_cabello,2026-06-01,9.66,11.65,13.53,21.01,21.96,22.91,0.0,3.0,0.61,0.15,uhi_verano+invierno,2026-06-01T09:40:00
villa_cabello,2026-06-02,10.06,11.35,13.54,22.12,23.11,24.11,0.0,3.0,0.61,0.15,uhi_verano+invierno,2026-06-01T09:40:00
villa_cabello,2026-06-03,11.86,12.95,15.14,23.32,24.81,25.61,0.0,3.0,0.61,0.15,uhi_verano+invierno,2026-06-01T09:40:00
villa_cabello,2026-06-04,12.15,13.65,16.34,23.33,24.51,25.4,0.0,3.0,0.61,0.15,uhi_verano+invierno,2026-06-01T09:40:00
villa_cabello,2026-06-05,13.36,15.85,17.15,24.42,25.96,27.2,0.0,3.0,0.61,0.15,uhi_verano+invierno,2026-06-01T09:40:00
villa_cabello,2026-06-06,13.65,15.9,19.55,20.52,24.51,27.78,0.0,3.0,0.61,0.15,uhi_verano+invierno,2026-06-01T09:40:00
villa_cabello,2026-06-07,13.57,16.2,19.05,20.22,22.46,26.2,0.0,3.0,0.61,0.15,uhi_verano+invierno,2026-06-01T09:40:00
villa_cabello,2026-06-08,12.36,14.8,16.84,17.91,21.66,25.08,1.25,,0.61,0.15,uhi_verano+invierno,2026-06-01T09:40:00
villa_cabello,2026-06-09,7.9,13.65,16.34,17.22,18.96,22.7,0.6,,0.61,0.15,uhi_verano+invierno,2026-06-01T09:40:00
villa_cabello,2026-06-10,6.26,11.5,15.53,16.33,19.46,23.1,0.2,,0.61,0.15,uhi_verano+invierno,2026-06-01T09:40:00
villa_cabello,2026-06-11,6.3,10.5,14.74,17.33,20.21,24.86,0.02,,0.61,0.15,uhi_verano+invierno,2026-06-01T09:40:00
villa_cabello,2026-06-12,6.67,12.25,16.94,17.22,20.41,25.5,0.0,,0.61,0.15,uhi_verano+invierno,2026-06-01T09:40:00
villa_cabello,2026-06-13,7.66,12.5,17.95,18.01,21.31,24.3,0.1,,0.61,0.15,uhi_verano+invierno,2026-06-01T09:40:00
villa_cabello,2026-06-14,5.9,12.5,18.33,16.27,21.01,24.4,0.4,,0.61,0.15,uhi_verano+invierno,2026-06-01T09:40:00
villa_dolores,2026-06-01,9.7,11.69,13.57,21.83,22.78,23.73,0.0,3.0,1.43,0.19,uhi_verano+invierno,2026-06-01T09:40:00
villa_dolores,2026-06-02,10.1,11.39,13.58,22.94,23.93,24.93,0.0,3.0,1.43,0.19,uhi_verano+invierno,2026-06-01T09:40:00
villa_dolores,2026-06-03,11.9,12.99,15.18,24.14,25.63,26.43,0.0,3.0,1.43,0.19,uhi_verano+invierno,2026-06-01T09:40:00
villa_dolores,2026-06-04,12.19,13.69,16.38,24.15,25.33,26.22,0.0,3.0,1.43,0.19,uhi_verano+invierno,2026-06-01T09:40:00
villa_dolores,2026-06-05,13.4,15.89,17.19,25.24,26.78,28.02,0.0,3.0,1.43,0.19,uhi_verano+invierno,2026-06-01T09:40:00
villa_dolores,2026-06-06,13.69,15.94,19.59,21.34,25.33,28.6,0.0,3.0,1.43,0.19,uhi_verano+invierno,2026-06-01T09:40:00
villa_dolores,2026-06-07,13.61,16.24,19.09,21.04,23.28,27.02,0.0,3.0,1.43,0.19,uhi_verano+invierno,2026-06-01T09:40:00
villa_dolores,2026-06-08,12.4,14.84,16.88,18.73,22.48,25.9,1.25,,1.43,0.19,uhi_verano+invierno,2026-06-01T09:40:00
villa_dolores,2026-06-09,7.94,13.69,16.38,18.04,19.78,23.52,0.6,,1.43,0.19,uhi_verano+invierno,2026-06-01T09:40:00
villa_dolores,2026-06-10,6.3,11.54,15.57,17.15,20.28,23.92,0.2,,1.43,0.19,uhi_verano+invierno,2026-06-01T09:40:00
villa_dolores,2026-06-11,6.34,10.54,14.78,18.15,21.03,25.68,0.02,,1.43,0.19,uhi_verano+invierno,2026-06-01T09:40:00
villa_dolores,2026-06-12,6.71,12.29,16.98,18.04,21.23,26.32,0.0,,1.43,0.19,uhi_verano+invierno,2026-06-01T09:40:00
villa_dolores,2026-06-13,7.7,12.54,17.99,18.83,22.13,25.12,0.1,,1.43,0.19,uhi_verano+invierno,2026-06-01T09:40:00
villa_dolores,2026-06-14,5.94,12.54,18.37,17.09,21.83,25.22,0.4,,1.43,0.19,uhi_verano+invierno,2026-06-01T09:40:00
villa_mola,2026-06-01,9.86,11.85,13.73,21.69,22.64,23.59,0.0,3.0,1.29,0.35,uhi_verano+invierno,2026-06-01T09:40:00
villa_mola,2026-06-02,10.26,11.55,13.74,22.8,23.79,24.79,0.0,3.0,1.29,0.35,uhi_verano+invierno,2026-06-01T09:40:00
villa_mola,2026-06-03,12.06,13.15,15.34,24.0,25.49,26.29,0.0,3.0,1.29,0.35,uhi_verano+invierno,2026-06-01T09:40:00
villa_mola,2026-06-04,12.35,13.85,16.54,24.01,25.19,26.08,0.0,3.0,1.29,0.35,uhi_verano+invierno,2026-06-01T09:40:00
villa_mola,2026-06-05,13.56,16.05,17.35,25.1,26.64,27.88,0.0,3.0,1.29,0.35,uhi_verano+invierno,2026-06-01T09:40:00
villa_mola,2026-06-06,13.85,16.1,19.75,21.2,25.19,28.46,0.0,3.0,1.29,0.35,uhi_verano+invierno,2026-06-01T09:40:00
villa_mola,2026-06-07,13.77,16.4,19.25,20.9,23.14,26.88,0.0,3.0,1.29,0.35,uhi_verano+invierno,2026-06-01T09:40:00
villa_mola,2026-06-08,12.56,15.0,17.04,18.59,22.34,25.76,1.25,,1.29,0.35,uhi_verano+invierno,2026-06-01T09:40:00
villa_mola,2026-06-09,8.1,13.85,16.54,17.9,19.64,23.38,0.6,,1.29,0.35,uhi_verano+invierno,2026-06-01T09:40:00
villa_mola,2026-06-10,6.46,11.7,15.73,17.01,20.14,23.78,0.2,,1.29,0.35,uhi_verano+invierno,2026-06-01T09:40:00
villa_mola,2026-06-11,6.5,10.7,14.94,18.01,20.89,25.54,0.02,,1.29,0.35,uhi_verano+invierno,2026-06-01T09:40:00
villa_mola,2026-06-12,6.87,12.45,17.14,17.9,21.09,26.18,0.0,,1.29,0.35,uhi_verano+invierno,2026-06-01T09:40:00
villa_mola,2026-06-13,7.86,12.7,18.15,18.69,21.99,24.98,0.1,,1.29,0.35,uhi_verano+invierno,2026-06-01T09:40:00
villa_mola,2026-06-14,6.1,12.7,18.53,16.95,21.69,25.08,0.4,,1.29,0.35,uhi_verano+invierno,2026-06-01T09:40:00
villa_sarita,2026-06-01,9.53,11.52,13.4,21.56,22.51,23.46,0.0,3.0,1.16,0.02,uhi_verano+invierno,2026-06-01T09:40:00
villa_sarita,2026-06-02,9.93,11.22,13.41,22.67,23.66,24.66,0.0,3.0,1.16,0.02,uhi_verano+invierno,2026-06-01T09:40:00
villa_sarita,2026-06-03,11.73,12.82,15.01,23.87,25.36,26.16,0.0,3.0,1.16,0.02,uhi_verano+invierno,2026-06-01T09:40:00
villa_sarita,2026-06-04,12.02,13.52,16.21,23.88,25.06,25.95,0.0,3.0,1.16,0.02,uhi_verano+invierno,2026-06-01T09:40:00
villa_sarita,2026-06-05,13.23,15.72,17.02,24.97,26.51,27.75,0.0,3.0,1.16,0.02,uhi_verano+invierno,2026-06-01T09:40:00
villa_sarita,2026-06-06,13.52,15.77,19.42,21.07,25.06,28.33,0.0,3.0,1.16,0.02,uhi_verano+invierno,2026-06-01T09:40:00
villa_sarita,2026-06-07,13.44,16.07,18.92,20.77,23.01,26.75,0.0,3.0,1.16,0.02,uhi_verano+invierno,2026-06-01T09:40:00
villa_sarita,2026-06-08,12.23,14.67,16.71,18.46,22.21,25.63,1.25,,1.16,0.02,uhi_verano+invierno,2026-06-01T09:40:00
villa_sarita,2026-06-09,7.77,13.52,16.21,17.77,19.51,23.25,0.6,,1.16,0.02,uhi_verano+invierno,2026-06-01T09:40:00
villa_sarita,2026-06-10,6.13,11.37,15.4,16.88,20.01,23.65,0.2,,1.16,0.02,uhi_verano+invierno,2026-06-01T09:40:00
villa_sarita,2026-06-11,6.17,10.37,14.61,17.88,20.76,25.41,0.02,,1.16,0.02,uhi_verano+invierno,2026-06-01T09:40:00
villa_sarita,2026-06-12,6.54,12.12,16.81,17.77,20.96,26.05,0.0,,1.16,0.02,uhi_verano+invierno,2026-06-01T09:40:00
villa_sarita,2026-06-13,7.53,12.37,17.82,18.56,21.86,24.85,0.1,,1.16,0.02,uhi_verano+invierno,2026-06-01T09:40:00
villa_sarita,2026-06-14,5.77,12.37,18.2,16.82,21.56,24.95,0.4,,1.16,0.02,uhi_verano+invierno,2026-06-01T09:40:00
villa_urquiza,2026-06-01,9.69,11.68,13.56,21.88,22.83,23.78,0.0,3.0,1.48,0.18,uhi_verano+invierno,2026-06-01T09:40:00
villa_urquiza,2026-06-02,10.09,11.38,13.57,22.99,23.98,24.98,0.0,3.0,1.48,0.18,uhi_verano+invierno,2026-06-01T09:40:00
villa_urquiza,2026-06-03,11.89,12.98,15.17,24.19,25.68,26.48,0.0,3.0,1.48,0.18,uhi_verano+invierno,2026-06-01T09:40:00
villa_urquiza,2026-06-04,12.18,13.68,16.37,24.2,25.38,26.27,0.0,3.0,1.48,0.18,uhi_verano+invierno,2026-06-01T09:40:00
villa_urquiza,2026-06-05,13.39,15.88,17.18,25.29,26.83,28.07,0.0,3.0,1.48,0.18,uhi_verano+invierno,2026-06-01T09:40:00
villa_urquiza,2026-06-06,13.68,15.93,19.58,21.39,25.38,28.65,0.0,3.0,1.48,0.18,uhi_verano+invierno,2026-06-01T09:40:00
villa_urquiza,2026-06-07,13.6,16.23,19.08,21.09,23.33,27.07,0.0,3.0,1.48,0.18,uhi_verano+invierno,2026-06-01T09:40:00
villa_urquiza,2026-06-08,12.39,14.83,16.87,18.78,22.53,25.95,1.25,,1.48,0.18,uhi_verano+invierno,2026-06-01T09:40:00
villa_urquiza,2026-06-09,7.93,13.68,16.37,18.09,19.83,23.57,0.6,,1.48,0.18,uhi_verano+invierno,2026-06-01T09:40:00
villa_urquiza,2026-06-10,6.29,11.53,15.56,17.2,20.33,23.97,0.2,,1.48,0.18,uhi_verano+invierno,2026-06-01T09:40:00
villa_urquiza,2026-06-11,6.33,10.53,14.77,18.2,21.08,25.73,0.02,,1.48,0.18,uhi_verano+invierno,2026-06-01T09:40:00
villa_urquiza,2026-06-12,6.7,12.28,16.97,18.09,21.28,26.37,0.0,,1.48,0.18,uhi_verano+invierno,2026-06-01T09:40:00
villa_urquiza,2026-06-13,7.69,12.53,17.98,18.88,22.18,25.17,0.1,,1.48,0.18,uhi_verano+invierno,2026-06-01T09:40:00
villa_urquiza,2026-06-14,5.93,12.53,18.36,17.14,21.88,25.27,0.4,,1.48,0.18,uhi_verano+invierno,2026-06-01T09:40:00
yacyreta,2026-06-01,9.6,11.59,13.47,21.88,22.83,23.78,0.0,3.0,1.48,0.09,uhi_verano+invierno,2026-06-01T09:40:00
yacyreta,2026-06-02,10.0,11.29,13.48,22.99,23.98,24.98,0.0,3.0,1.48,0.09,uhi_verano+invierno,2026-06-01T09:40:00
yacyreta,2026-06-03,11.8,12.89,15.08,24.19,25.68,26.48,0.0,3.0,1.48,0.09,uhi_verano+invierno,2026-06-01T09:40:00
yacyreta,2026-06-04,12.09,13.59,16.28,24.2,25.38,26.27,0.0,3.0,1.48,0.09,uhi_verano+invierno,2026-06-01T09:40:00
yacyreta,2026-06-05,13.3,15.79,17.09,25.29,26.83,28.07,0.0,3.0,1.48,0.09,uhi_verano+invierno,2026-06-01T09:40:00
yacyreta,2026-06-06,13.59,15.84,19.49,21.39,25.38,28.65,0.0,3.0,1.48,0.09,uhi_verano+invierno,2026-06-01T09:40:00
yacyreta,2026-06-07,13.51,16.14,18.99,21.09,23.33,27.07,0.0,3.0,1.48,0.09,uhi_verano+invierno,2026-06-01T09:40:00
yacyreta,2026-06-08,12.3,14.74,16.78,18.78,22.53,25.95,1.25,,1.48,0.09,uhi_verano+invierno,2026-06-01T09:40:00
yacyreta,2026-06-09,7.84,13.59,16.28,18.09,19.83,23.57,0.6,,1.48,0.09,uhi_verano+invierno,2026-06-01T09:40:00
yacyreta,2026-06-10,6.2,11.44,15.47,17.2,20.33,23.97,0.2,,1.48,0.09,uhi_verano+invierno,2026-06-01T09:40:00
yacyreta,2026-06-11,6.24,10.44,14.68,18.2,21.08,25.73,0.02,,1.48,0.09,uhi_verano+invierno,2026-06-01T09:40:00
yacyreta,2026-06-12,6.61,12.19,16.88,18.09,21.28,26.37,0.0,,1.48,0.09,uhi_verano+invierno,2026-06-01T09:40:00
yacyreta,2026-06-13,7.6,12.44,17.89,18.88,22.18,25.17,0.1,,1.48,0.09,uhi_verano+invierno,2026-06-01T09:40:00
yacyreta,2026-06-14,5.84,12.44,18.27,17.14,21.88,25.27,0.4,,1.48,0.09,uhi_verano+invierno,2026-06-01T09:40:00
